k,nmi,nmi_female,nmi_male,misaligned,unfair,fair,aligned_fair,df
4,0.9373996718060601,0.8935292942084684,0.9626884891312475,15,"[1. 1. 2. 3. 1. 2. 2. 3. 1. 2. 3. 1. 2. 1. 3. 3. 2. 1. 2. 1. 1. 1. 1. 3.
 1. 3. 3. 3. 3. 3. 1. 2. 3. 3. 3. 2. 3. 3. 0. 1. 1. 1. 2. 3. 2. 2. 1. 3.
 2. 2. 1. 3. 1. 1. 0. 3. 2. 3. 1. 3. 0. 1. 2. 2. 3. 3. 1. 3. 2. 1. 1. 3.
 3. 0. 3. 1. 1. 3. 2. 3. 2. 3. 2. 2. 3. 1. 2. 2. 1. 1. 1. 3. 3. 1. 3. 3.
 3. 1. 1. 3. 0. 1. 1. 3. 1. 1. 2. 2. 3. 2. 2. 3. 3. 1. 3. 3. 2. 3. 2. 3.
 3. 2. 1. 1. 3. 3. 2. 3. 2. 1. 2. 1. 2. 1. 2. 2. 3. 1. 2. 3. 2. 3. 3. 1.
 2. 2. 1. 3. 2. 2. 3. 1. 1. 2. 0. 3. 3. 3. 3. 3. 0. 3. 3. 2. 1. 1. 3. 1.
 1. 1. 3. 2. 1. 2. 2. 3. 2. 1. 3. 1. 1. 1. 0. 3. 1. 3. 2. 3. 2. 2. 3. 2.
 1. 1. 2. 3. 1. 2. 3. 3. 1. 3. 1. 2. 1. 3. 1. 3. 1. 1. 2. 1. 3. 3. 2. 3.
 3. 3. 1. 1. 1. 1. 3. 2. 3. 1. 1. 1. 3. 3. 3. 2. 3. 3. 1. 2. 1. 1. 1. 2.
 3. 3. 3. 1. 1. 3. 0. 3. 1. 1. 3. 3. 3. 1. 1. 1. 1. 1. 2. 3. 1. 3. 0. 1.
 3. 2. 2. 2. 1. 1. 1. 3. 1. 3. 2. 3. 2. 1. 1. 3. 2. 1. 2. 1. 3. 1. 1. 1.
 1. 3. 0. 3. 3. 2. 1. 3. 2. 2. 3. 2. 1. 3. 1. 1. 2. 0. 3. 2. 2. 1. 1. 2.
 0. 3. 0. 1. 1. 3. 3. 1. 3. 3. 1. 1. 3. 3. 3. 3. 1. 1. 1. 1. 2. 2. 0. 2.
 2. 3. 1. 2. 3. 3. 2. 3. 3. 1. 3. 0. 2. 3. 2. 1. 1. 3. 3. 2. 3. 2. 1. 1.
 2. 1. 1. 1. 2. 3. 3. 3. 3. 1. 3. 1. 3. 3. 1. 0. 1. 3. 2. 3. 3. 1. 2. 2.
 3. 3. 2. 2. 3. 2. 3. 3. 2. 3. 0. 3. 2. 2. 2. 2. 3. 1. 3. 1. 2. 1. 2. 2.
 2. 3. 2. 1. 2. 3. 2. 3. 1. 1. 2. 3. 1. 3. 3. 3. 1. 0. 0. 1. 3. 3. 1. 1.
 1. 3. 1. 2. 3. 3. 3. 3. 3. 3. 2. 1. 2. 2. 3. 1. 2. 1. 1. 3. 2. 3. 3. 3.
 1. 3. 2. 1. 0. 2. 2. 3. 2. 2. 3. 3. 1. 1. 3. 2. 1. 1. 2. 3. 1. 3. 1. 3.
 1. 1. 2. 3. 3. 0. 2. 1. 3. 1. 2. 3. 2. 3. 1. 1. 1. 1. 1. 2. 3. 2. 3. 3.
 3. 3. 3. 3. 1. 3. 2. 0. 3. 3. 3. 2. 3. 1. 3. 1. 2. 0. 1. 3. 1. 3. 3. 1.
 1. 3. 2. 3. 1. 2. 3. 1. 2. 3. 2. 3. 2. 1. 3. 1. 1. 3. 1. 2. 3. 2. 2. 3.
 3. 3. 2. 1. 3. 1. 3. 3. 1. 3. 1. 3. 3. 3. 3. 1. 3. 2. 1. 3. 1. 1. 1. 3.
 3. 2. 2. 1. 2. 1. 1. 3. 3. 3. 1. 3. 0. 3. 1. 2. 2. 0. 3. 3. 1. 3. 2. 1.
 1. 1. 3. 2. 3. 1. 0. 3. 1. 1. 3. 3. 1. 3. 3. 2. 3. 3. 2. 3. 2. 1. 1. 1.
 1. 1. 3. 3. 2. 3. 3. 1. 1. 1. 1. 1. 2. 0. 1. 3. 3. 1. 1. 1. 1. 1. 3. 3.
 1. 2. 3. 1. 1. 2. 3. 3. 3. 3. 1. 2. 3. 2. 3. 1. 1. 1. 1. 2. 1. 3. 1. 3.
 2. 3. 2. 1. 1. 3. 0. 1. 2. 1. 2. 0. 3. 3. 3. 0. 3. 3. 1. 2. 3. 3. 1. 1.
 1. 3. 1. 1. 3. 1. 1. 3. 2. 3. 3. 2. 1. 3. 1. 3. 1. 1. 2. 3. 1. 1. 2. 3.
 2. 1. 1. 1. 0. 2. 3. 3. 2. 1. 1. 3. 3. 3. 3. 1. 3. 3. 1. 3. 3. 3. 3. 1.
 1. 3. 1. 3. 3. 1. 1. 1. 2. 1. 2. 1. 3. 3. 1. 2. 1. 2. 3. 1. 0. 1. 2. 0.
 0. 2. 2. 3. 3. 3. 1. 2. 1. 1. 3. 3. 1. 1. 1. 2. 1. 1. 3. 2. 3. 1. 1. 2.
 0. 1. 0. 2. 1. 1. 3. 1. 0. 0. 3. 2. 1. 3. 1. 1. 1. 1. 2. 2. 0. 3. 2. 3.
 1. 3. 1. 2. 2. 1. 2. 3. 0. 2. 2. 3. 2. 1. 2. 1. 1. 3. 2. 3. 1. 3. 3. 2.
 3. 1. 3. 1. 3. 3. 0. 3. 1. 2. 1. 1. 3. 2. 1. 2. 2. 3. 3. 3. 3. 3. 0. 3.
 3. 3. 0. 1. 3. 1. 3. 2. 3. 3. 3. 1. 1. 3. 2. 3. 2. 3. 2. 2. 1. 3. 1. 3.
 3. 2. 2. 1. 1. 2. 2. 1. 1. 3. 2. 1. 3. 3. 1. 3. 1. 2. 3. 3. 1. 2. 2. 2.
 3. 1. 2. 3. 1. 2. 1. 2. 3. 3. 3. 3. 1. 1. 1. 1. 2. 1. 3. 3. 2. 1. 1. 1.
 0. 1. 1. 3. 1. 2. 2. 1. 3. 1. 0. 1. 1. 2. 1. 1. 3. 3. 2. 1. 0. 3. 3. 1.
 2. 1. 2. 2. 2. 1. 1. 2. 2. 2. 1. 2. 2. 3. 1. 3. 0. 1. 3. 3. 1. 2. 1. 1.
 1. 2. 0. 1. 1. 3. 1. 1. 3. 1. 2. 2. 3. 0. 0. 3.]","[2 2 3 4 2 3 3 4 2 3 4 2 3 2 4 4 3 2 3 2 2 2 2 4 2 4 4 4 4 4 2 3 4 4 4 3 4
 4 1 2 2 2 3 4 3 3 2 4 3 3 2 4 2 2 1 4 3 4 2 4 1 2 3 3 4 4 2 4 3 2 2 4 4 1
 4 2 2 4 3 4 3 4 3 3 4 2 3 3 2 2 2 4 4 2 4 4 4 2 2 4 1 2 2 4 2 2 3 3 4 3 3
 4 4 2 4 4 3 4 3 4 4 3 2 2 4 4 3 4 3 2 3 2 3 2 3 3 4 2 3 4 3 4 4 2 3 3 2 4
 3 3 4 2 2 3 1 4 4 4 4 4 1 4 4 3 2 2 4 2 2 2 4 3 2 3 3 4 3 2 4 2 2 2 1 4 2
 4 3 4 3 3 4 3 2 2 3 4 2 3 4 4 2 4 2 3 2 4 2 4 2 2 3 2 4 4 3 4 4 4 2 2 2 2
 4 3 4 2 2 2 4 4 2 3 4 4 2 3 2 2 2 3 4 4 4 2 2 4 1 4 2 2 4 4 4 2 2 2 2 2 3
 4 2 4 1 2 4 3 3 3 2 2 2 4 2 4 3 4 3 2 2 4 3 2 3 2 2 2 2 2 2 4 1 4 4 3 2 4
 3 3 4 3 2 4 2 2 3 1 4 3 3 2 2 3 1 4 1 2 2 4 4 2 4 4 2 2 4 4 4 4 2 2 2 2 3
 3 1 3 3 4 2 3 4 4 3 4 4 2 4 1 3 3 3 2 2 4 4 3 4 3 2 2 3 2 2 2 3 4 4 4 4 2
 4 2 4 4 2 1 2 4 3 4 4 2 3 3 4 4 3 3 4 3 4 4 3 4 1 4 3 3 3 3 4 2 4 2 3 2 3
 3 3 4 3 2 3 4 3 4 2 2 3 4 2 4 4 4 2 1 1 2 4 4 2 2 2 4 2 3 4 4 4 4 4 4 3 2
 3 3 4 2 3 2 2 4 3 4 4 4 2 4 3 2 1 3 3 4 3 3 4 4 2 2 4 3 2 2 3 4 2 4 2 4 2
 4 3 4 4 1 3 2 4 2 3 4 3 4 2 2 2 2 2 3 4 3 4 4 4 4 4 4 2 4 3 1 4 2 4 3 4 2
 4 2 3 1 2 4 2 4 4 4 2 4 3 4 2 3 4 2 3 4 3 4 3 2 4 2 2 4 2 3 4 3 3 4 4 4 3
 2 4 2 4 4 2 4 2 4 4 4 4 4 4 3 2 4 2 2 2 4 4 3 3 2 3 2 2 4 4 4 2 4 1 4 2 3
 3 1 4 4 2 4 3 2 2 2 4 3 4 2 1 4 2 2 4 4 2 4 4 3 4 3 3 4 3 2 2 2 2 2 4 4 3
 4 4 2 2 2 2 2 3 1 2 4 4 2 2 2 2 2 4 4 2 3 4 2 2 3 4 4 4 4 2 3 2 3 2 2 2 2
 2 3 2 4 2 4 3 4 3 2 2 4 1 2 3 2 3 1 4 4 2 1 4 4 2 3 4 4 2 2 2 4 2 2 4 2 2
 4 3 4 4 3 2 4 2 4 2 2 3 4 2 2 3 4 3 2 2 2 1 3 4 4 3 2 2 4 4 4 4 2 4 4 2 4
 4 4 4 2 2 4 2 4 4 2 2 2 3 2 3 2 4 4 2 3 2 3 4 2 1 2 3 1 1 3 3 4 4 4 2 3 4
 2 4 4 2 2 2 3 2 2 4 3 4 2 2 3 1 2 1 3 2 2 4 2 1 1 4 3 2 4 2 2 2 2 3 3 1 4
 3 4 2 4 2 3 3 2 3 4 1 3 3 4 3 2 3 2 2 4 3 4 2 4 4 3 4 2 4 2 2 4 1 4 2 3 2
 2 4 3 2 3 3 4 4 4 4 4 1 4 4 4 1 2 4 2 4 3 4 4 4 2 2 4 3 4 3 4 3 3 2 4 2 4
 4 3 3 2 2 3 3 2 2 4 3 2 4 4 2 4 2 3 4 4 2 3 3 3 4 2 3 4 2 3 2 3 4 4 4 4 2
 2 2 2 3 2 4 4 3 2 2 2 1 2 2 4 2 3 3 2 4 2 1 2 2 3 2 2 4 4 3 2 1 4 4 2 3 2
 3 3 3 4 2 3 3 3 2 3 3 4 2 4 1 2 4 4 2 3 2 2 2 3 1 4 2 4 2 2 4 2 3 3 4 1 1
 4]","[1 1 2 3 1 2 2 3 1 2 3 1 2 1 3 3 2 1 2 1 1 1 1 3 1 3 3 3 3 3 1 2 3 3 3 2 3
 3 0 1 1 1 2 3 2 2 1 3 2 2 1 3 1 1 0 3 2 3 1 3 0 1 2 2 3 3 1 3 2 1 1 3 3 0
 3 1 1 3 2 3 2 3 2 2 3 1 2 2 1 1 1 3 3 1 3 3 3 1 1 3 0 1 1 3 1 1 2 2 3 2 2
 3 3 1 3 3 2 3 2 3 3 2 1 1 3 3 2 3 2 1 2 1 2 1 2 2 3 1 2 3 2 3 3 1 2 2 1 3
 2 2 3 1 1 2 0 3 3 3 3 3 0 3 3 2 1 1 3 1 1 1 3 2 1 2 2 3 2 1 3 1 1 1 0 3 1
 3 2 3 2 2 3 2 1 1 2 3 1 2 3 3 1 3 1 2 1 3 1 3 1 1 2 1 3 3 2 3 3 3 1 1 1 1
 3 2 3 1 1 1 3 3 1 2 3 3 1 2 1 1 1 2 3 3 3 1 1 3 0 3 1 1 3 3 3 1 1 1 1 1 2
 3 1 3 0 1 3 2 2 2 1 1 1 3 1 3 2 3 2 1 1 3 2 1 2 1 1 1 1 1 1 3 0 3 3 2 1 3
 2 2 3 2 1 3 1 1 2 0 3 2 2 1 1 2 0 3 0 1 1 3 3 1 3 3 1 1 3 3 3 3 1 1 1 1 2
 2 0 2 2 3 1 2 3 3 2 3 3 1 3 0 2 2 2 1 1 3 3 2 3 2 1 1 2 1 1 1 2 3 3 3 3 1
 3 1 3 3 1 0 1 3 2 3 3 1 2 2 3 3 2 2 3 2 3 3 2 3 0 3 2 2 2 2 3 1 3 1 2 1 2
 2 2 3 2 1 2 3 2 3 1 1 2 3 1 3 3 3 1 0 0 1 3 3 1 1 1 3 1 2 3 3 3 3 3 3 2 1
 2 2 3 1 2 1 1 3 2 3 3 3 1 3 2 1 0 2 2 3 2 2 3 3 1 1 3 2 1 1 2 3 1 3 1 3 1
 3 2 3 3 0 2 1 3 1 2 3 2 3 1 1 1 1 1 2 3 2 3 3 3 3 3 3 1 3 2 0 3 1 3 2 3 1
 3 1 2 0 1 3 1 3 3 3 1 3 2 3 1 2 3 1 2 3 2 3 2 1 3 1 1 3 1 2 3 2 2 3 3 3 2
 1 3 1 3 3 1 3 1 3 3 3 3 3 3 2 1 3 1 1 1 3 3 2 2 1 2 1 1 3 3 3 1 3 0 3 1 2
 2 0 3 3 1 3 2 1 1 1 3 2 3 1 0 3 1 1 3 3 1 3 3 2 3 2 2 3 2 1 1 1 1 1 3 3 2
 3 3 1 1 1 1 1 2 0 1 3 3 1 1 1 1 1 3 3 1 2 3 1 1 2 3 3 3 3 1 2 1 2 1 1 1 1
 1 2 1 3 1 3 2 3 2 1 1 3 0 1 2 1 2 0 3 3 1 0 3 3 1 2 3 3 1 1 1 3 1 1 3 1 1
 3 2 3 3 2 1 3 1 3 1 1 2 3 1 1 2 3 2 1 1 1 0 2 3 3 2 1 1 3 3 3 3 1 3 3 1 3
 3 3 3 1 1 3 1 3 3 1 1 1 2 1 2 1 3 3 1 2 1 2 3 1 0 1 2 0 0 2 2 3 3 3 1 2 3
 1 3 3 1 1 1 2 1 1 3 2 3 1 1 2 0 1 0 2 1 1 3 1 0 0 3 2 1 3 1 1 1 1 2 2 0 3
 2 3 1 3 1 2 2 1 2 3 0 2 2 3 2 1 2 1 1 3 2 3 1 3 3 2 3 1 3 1 1 3 0 3 1 2 1
 1 3 2 1 2 2 3 3 3 3 3 0 3 3 3 0 1 3 1 3 2 3 3 3 1 1 3 2 3 2 3 2 2 1 3 1 3
 3 2 2 1 1 2 2 1 1 3 2 1 3 3 1 3 1 2 3 3 1 2 2 2 3 1 2 3 1 2 1 2 3 3 3 3 1
 1 1 1 2 1 3 3 2 1 1 1 0 1 1 3 1 2 2 1 3 1 0 1 1 2 1 1 3 3 2 1 0 3 3 1 2 1
 2 2 2 3 1 2 2 2 1 2 2 3 1 3 0 1 3 3 1 2 1 1 1 2 0 3 1 3 1 1 3 1 2 2 3 0 0
 3]","          age  final-weight  education-num  marital-status  occupation  \
0   -0.872084     -0.285349      -0.031787       -1.327196   -1.313282   
1    0.442836     -1.336100      -0.414760       -0.553321   -0.608479   
2   -0.725982     -0.038697       1.117132       -0.553321   -0.608479   
3   -0.652931      0.000913       1.117132        0.994430    0.096323   
4   -0.725982     -0.005740      -0.031787       -1.327196   -0.843413   
..        ...           ...            ...             ...         ...   
995 -0.287675      0.115823       1.117132       -0.553321   -0.138611   
996 -1.310390      1.238710      -0.031787        0.994430    1.740862   
997 -1.310390      0.224281      -1.180705        0.220554   -0.138611   
998  0.223682     -1.377762       2.266050        0.220554    0.331257   
999 -1.091237      0.033276      -0.031787        0.994430    1.036059   

     relationship  capital-gain  hours-per-week  native-country    income  \
0       -0.306417     -0.156939       -0.206709        0.279865 -0.585049   
1        2.135152     -0.156939       -0.043303        0.279865 -0.585049   
2       -0.916809     -0.156939        1.182247        0.279865  1.709260   
3       -0.306417     -0.156939       -0.043303        0.279865 -0.585049   
4       -0.306417      0.096122        0.773730        0.279865 -0.585049   
..            ...           ...             ...             ...       ...   
995     -0.916809      0.681772       -0.451819        0.279865  1.709260   
996      0.914368     -0.156939       -0.043303        0.279865 -0.585049   
997      0.914368     -0.156939       -0.043303       -3.963575 -0.585049   
998     -0.306417      3.041150        1.590763       -4.973917  1.709260   
999      0.914368     -0.156939       -0.043303        0.279865 -0.585049   

     race  sex  unfair_label  fair_label  
0       4    0             1           1  
1       4    0             1           1  
2       2    1             2           2  
3       4    0             3           2  
4       4    1             1           1  
..    ...  ...           ...         ...  
995     4    1             2           2  
996     2    1             3           3  
997     4    1             0           0  
998     4    1             0           0  
999     4    0             3           3  

[1000 rows x 14 columns]"
5,0.9128542316353806,0.8263843228512538,0.9555219357055355,24,"[2. 3. 3. 3. 2. 2. 2. 3. 0. 0. 2. 2. 3. 1. 0. 3. 0. 0. 3. 2. 2. 3. 2. 3.
 0. 3. 0. 3. 3. 2. 2. 2. 3. 3. 1. 2. 0. 0. 2. 2. 3. 0. 3. 3. 1. 2. 3. 3.
 3. 2. 2. 2. 0. 3. 3. 2. 2. 3. 2. 0. 3. 0. 2. 3. 3. 3. 2. 2. 0. 0. 2. 0.
 3. 3. 2. 2. 1. 2. 4. 0. 3. 3. 0. 0. 2. 2. 2. 0. 3. 4. 2. 1. 3. 3. 2. 2.
 0. 1. 3. 2. 0. 2. 1. 2. 2. 2. 0. 2. 2. 2. 2. 2. 2. 2. 3. 3. 3. 0. 0. 0.
 3. 2. 0. 2. 3. 3. 3. 2. 3. 3. 3. 3. 3. 2. 3. 3. 2. 0. 0. 2. 3. 3. 3. 0.
 2. 0. 3. 3. 2. 2. 3. 3. 0. 3. 2. 2. 0. 3. 3. 1. 2. 2. 3. 0. 3. 3. 0. 0.
 2. 0. 0. 2. 3. 2. 3. 3. 2. 2. 3. 3. 3. 0. 2. 2. 0. 3. 3. 2. 2. 3. 3. 0.
 2. 2. 3. 0. 2. 1. 2. 2. 3. 2. 2. 0. 3. 3. 2. 3. 2. 0. 0. 1. 2. 3. 3. 2.
 0. 2. 2. 0. 0. 2. 2. 2. 3. 0. 3. 2. 3. 2. 2. 2. 2. 2. 0. 0. 2. 0. 3. 2.
 3. 2. 3. 2. 2. 3. 2. 0. 0. 0. 0. 2. 2. 3. 3. 2. 3. 2. 0. 2. 3. 0. 2. 3.
 0. 0. 3. 1. 2. 0. 0. 2. 2. 1. 3. 2. 2. 0. 3. 2. 3. 3. 0. 0. 3. 0. 2. 3.
 0. 0. 0. 2. 2. 2. 0. 0. 2. 3. 2. 2. 3. 3. 3. 3. 0. 3. 2. 2. 0. 2. 3. 3.
 3. 3. 1. 2. 0. 2. 0. 2. 2. 0. 0. 0. 0. 3. 1. 2. 3. 0. 1. 0. 3. 2. 2. 1.
 0. 2. 0. 0. 2. 3. 3. 2. 2. 3. 0. 0. 2. 1. 2. 2. 2. 2. 0. 2. 3. 1. 3. 3.
 2. 2. 1. 2. 0. 3. 3. 1. 3. 0. 2. 2. 3. 2. 2. 2. 3. 0. 3. 3. 3. 3. 3. 3.
 2. 2. 3. 2. 2. 2. 2. 0. 2. 1. 0. 1. 2. 3. 3. 2. 2. 3. 0. 2. 0. 3. 3. 3.
 3. 2. 2. 3. 3. 2. 2. 3. 2. 1. 0. 2. 2. 3. 2. 0. 0. 2. 3. 2. 2. 3. 0. 0.
 3. 2. 2. 3. 0. 0. 2. 0. 2. 3. 3. 0. 3. 2. 2. 2. 0. 3. 3. 2. 0. 2. 3. 0.
 2. 3. 3. 0. 0. 3. 3. 3. 2. 3. 0. 2. 1. 0. 2. 2. 3. 0. 2. 3. 2. 0. 3. 3.
 3. 3. 2. 3. 0. 3. 1. 1. 0. 3. 3. 2. 2. 3. 2. 2. 1. 2. 0. 3. 2. 2. 2. 0.
 3. 2. 2. 3. 3. 0. 2. 0. 0. 3. 2. 3. 2. 3. 3. 2. 3. 3. 2. 3. 2. 2. 2. 2.
 2. 0. 3. 3. 0. 0. 3. 3. 0. 3. 2. 3. 0. 2. 3. 3. 2. 2. 3. 3. 0. 2. 3. 0.
 0. 2. 3. 2. 0. 2. 3. 0. 3. 2. 0. 2. 3. 4. 3. 0. 3. 3. 3. 3. 2. 0. 2. 1.
 3. 3. 2. 0. 3. 0. 3. 0. 0. 2. 0. 3. 0. 3. 2. 0. 2. 2. 2. 2. 2. 2. 2. 3.
 0. 3. 2. 2. 3. 2. 1. 2. 3. 3. 2. 3. 2. 0. 2. 3. 0. 3. 2. 2. 2. 0. 2. 0.
 0. 3. 0. 0. 1. 2. 0. 2. 0. 3. 2. 3. 2. 0. 3. 3. 2. 2. 2. 3. 2. 3. 3. 2.
 3. 3. 1. 0. 2. 3. 3. 3. 2. 3. 3. 2. 3. 2. 2. 3. 3. 3. 2. 2. 4. 3. 3. 2.
 0. 2. 2. 2. 2. 0. 3. 2. 0. 2. 2. 3. 0. 2. 0. 3. 0. 3. 2. 0. 3. 2. 3. 0.
 0. 3. 2. 2. 2. 0. 1. 0. 2. 2. 1. 3. 2. 3. 1. 3. 0. 3. 3. 2. 0. 1. 3. 2.
 3. 2. 0. 3. 3. 2. 1. 0. 3. 3. 3. 0. 3. 2. 2. 2. 3. 3. 2. 3. 3. 2. 2. 0.
 3. 2. 2. 0. 1. 3. 2. 0. 3. 3. 3. 0. 3. 3. 2. 3. 3. 3. 2. 3. 3. 2. 0. 2.
 2. 0. 0. 2. 0. 2. 3. 2. 0. 3. 0. 0. 2. 1. 3. 0. 3. 3. 3. 1. 2. 2. 2. 2.
 3. 3. 3. 1. 0. 2. 2. 0. 2. 3. 2. 2. 3. 2. 2. 2. 2. 1. 2. 2. 3. 2. 3. 2.
 0. 3. 1. 2. 2. 3. 0. 1. 0. 3. 3. 2. 2. 2. 2. 0. 0. 0. 2. 3. 3. 2. 1. 0.
 3. 0. 2. 2. 3. 0. 3. 2. 2. 2. 2. 3. 2. 3. 2. 2. 3. 3. 3. 3. 2. 0. 0. 2.
 0. 0. 3. 0. 0. 2. 0. 2. 2. 2. 2. 2. 2. 1. 2. 1. 3. 3. 3. 3. 3. 2. 0. 2.
 0. 2. 2. 0. 3. 2. 0. 0. 3. 2. 0. 2. 3. 3. 0. 3. 3. 3. 3. 0. 1. 0. 3. 2.
 1. 2. 2. 2. 3. 3. 2. 2. 2. 3. 2. 2. 3. 2. 1. 3. 1. 3. 0. 3. 3. 3. 3. 2.
 0. 3. 2. 3. 2. 2. 3. 3. 3. 0. 2. 0. 2. 3. 0. 2. 0. 3. 2. 0. 2. 2. 1. 3.
 2. 0. 0. 0. 3. 3. 2. 2. 3. 0. 3. 0. 3. 3. 3. 3. 2. 3. 0. 2. 2. 3. 1. 3.
 3. 2. 3. 3. 3. 3. 3. 2. 2. 3. 2. 3. 0. 0. 2. 3.]","[3 4 4 4 3 3 3 4 1 1 4 3 4 2 1 4 1 1 4 3 3 4 3 4 1 4 1 4 4 3 3 3 4 4 2 3 1
 1 3 3 4 1 4 4 2 3 4 4 4 3 3 3 1 4 4 3 3 4 3 1 4 1 3 4 4 4 3 3 1 1 3 1 4 4
 3 3 2 3 5 1 4 4 1 1 3 3 3 1 4 5 3 2 4 3 3 3 1 2 4 3 1 3 2 3 3 3 1 3 3 3 3
 3 3 3 4 4 4 1 1 1 4 3 1 3 4 4 4 3 4 4 4 4 3 3 4 4 3 1 1 3 4 4 4 1 3 1 4 4
 3 3 4 4 1 4 3 3 1 4 4 2 3 3 4 1 4 4 1 1 3 1 1 3 4 3 4 4 3 3 4 4 4 1 3 3 1
 1 4 3 4 4 4 1 3 3 4 1 3 2 3 3 4 3 3 1 4 4 3 4 3 1 1 2 3 4 4 3 1 3 3 1 1 4
 3 3 4 1 4 3 4 3 3 3 3 3 1 1 3 1 3 3 4 3 4 3 3 4 3 1 1 1 1 3 3 4 4 3 4 3 1
 3 4 1 3 4 1 1 4 2 3 1 1 3 3 2 4 3 3 1 4 4 4 4 1 1 4 1 3 4 1 1 1 3 3 4 1 1
 3 4 3 3 4 4 4 4 1 4 3 3 1 3 4 4 4 4 2 3 1 3 1 3 3 1 1 1 1 4 2 3 4 1 2 1 4
 3 4 2 1 3 1 1 3 4 4 3 3 4 1 1 3 2 3 3 3 3 1 3 4 2 4 4 3 3 2 3 1 4 4 2 4 1
 3 3 4 3 3 3 4 1 4 4 4 4 4 4 3 3 4 3 3 3 3 1 3 2 1 2 3 4 4 3 3 4 1 3 1 4 4
 4 3 3 3 4 4 3 3 4 4 2 1 3 3 4 3 1 1 3 4 3 3 4 1 1 4 3 3 4 1 1 3 1 3 4 4 1
 4 3 3 3 1 4 4 3 1 3 4 1 3 4 4 1 1 4 4 4 3 4 1 3 2 1 3 3 4 1 3 4 3 1 4 4 3
 4 3 4 1 4 2 2 1 4 4 3 3 4 3 3 2 3 1 4 3 3 3 1 4 3 3 4 4 1 3 1 1 4 3 4 3 4
 4 3 4 4 3 4 3 3 3 3 3 1 4 4 1 1 4 4 1 4 3 4 1 3 4 4 3 3 4 4 1 3 4 1 1 3 4
 3 1 3 4 1 4 3 1 3 4 5 4 1 4 4 4 4 3 1 3 2 4 4 3 1 4 1 4 1 1 3 1 4 1 4 3 1
 3 3 3 3 3 3 3 4 1 4 3 3 4 3 2 3 4 4 3 4 3 1 3 3 1 4 3 3 3 1 3 1 1 4 1 1 2
 3 1 3 1 4 3 4 3 1 4 4 3 3 3 4 3 4 4 4 4 4 2 1 3 4 4 4 3 4 4 3 3 3 3 4 4 4
 3 3 5 4 4 3 1 3 3 3 3 1 4 3 1 3 3 4 1 3 1 4 1 4 3 1 4 3 4 1 1 4 3 3 3 1 2
 1 3 3 2 4 3 4 2 3 1 4 4 3 1 2 4 3 4 3 1 4 4 3 2 1 4 4 4 1 4 4 3 3 4 4 3 4
 4 3 3 1 4 3 3 1 2 4 3 1 4 4 4 1 4 4 3 4 4 4 4 4 4 3 1 3 3 1 1 3 1 3 4 3 1
 3 1 1 3 2 4 1 4 4 4 2 3 3 3 3 4 4 4 2 1 3 3 1 3 4 3 3 4 3 3 3 3 2 3 3 4 4
 4 3 1 4 2 3 3 4 1 2 1 4 4 3 3 3 3 1 1 1 3 4 4 3 2 1 3 1 3 3 4 1 4 3 3 4 3
 4 3 4 3 3 4 4 4 4 3 1 1 3 1 1 4 1 1 3 1 3 3 3 3 3 3 2 3 2 4 4 4 4 4 3 1 3
 1 3 3 1 4 3 1 1 4 3 1 3 4 4 1 4 4 4 4 1 2 1 4 3 2 3 3 3 4 4 3 3 3 4 3 3 4
 3 2 4 2 4 1 4 4 4 4 3 1 4 3 4 3 3 4 4 4 1 3 1 3 4 1 3 1 4 3 1 3 3 2 4 3 1
 1 1 4 4 3 3 4 1 4 1 4 3 4 4 3 4 1 3 3 4 2 4 4 3 4 4 4 4 4 3 3 4 3 4 1 1 3
 4]","[2 3 3 3 2 2 2 3 0 0 3 2 3 1 0 3 0 0 3 2 2 3 2 3 0 3 0 3 3 2 2 2 3 3 1 2 0
 0 2 2 3 0 3 3 1 2 3 3 3 2 2 2 0 3 3 2 2 3 2 0 3 0 2 3 3 3 2 2 0 0 2 0 3 3
 2 2 1 2 4 0 3 3 0 0 2 2 2 0 3 4 2 1 3 2 2 2 0 1 3 2 0 2 1 2 2 2 0 2 2 2 2
 2 2 2 3 3 3 0 0 0 3 2 0 2 3 3 3 2 3 3 3 3 2 2 3 3 2 0 0 2 3 3 3 0 2 0 3 3
 2 2 3 3 0 3 2 2 0 3 3 1 2 2 3 0 3 3 0 0 2 0 0 2 3 2 3 3 2 2 3 3 3 0 2 2 0
 0 3 2 3 3 3 0 2 2 3 0 2 1 2 2 3 2 2 0 3 3 2 3 2 0 0 1 2 3 3 2 0 2 2 0 0 3
 2 2 3 0 3 2 3 2 2 2 2 2 0 0 2 0 2 2 3 2 3 2 2 3 2 0 0 0 0 2 2 3 3 2 3 2 0
 2 3 0 2 3 0 0 3 1 2 0 0 2 2 1 3 2 2 0 3 3 3 3 0 0 3 0 2 3 0 0 0 2 2 3 0 0
 2 3 2 2 3 3 3 3 0 3 2 2 0 2 3 3 3 3 1 2 0 2 0 2 2 0 0 0 0 3 1 2 3 0 1 0 3
 2 3 1 0 2 0 0 2 3 3 2 2 3 0 0 2 1 2 2 2 2 0 2 3 1 3 3 2 2 1 2 0 3 3 1 3 0
 2 2 3 2 2 2 3 0 3 3 3 3 3 3 2 2 3 2 2 2 2 0 2 1 0 1 2 3 3 2 2 3 0 2 0 3 3
 3 2 2 2 3 3 2 2 3 3 1 0 2 2 3 2 0 0 2 3 2 2 3 0 0 3 2 2 3 0 0 2 0 2 3 3 0
 3 2 2 2 0 3 3 2 0 2 3 0 2 3 3 0 0 3 3 3 2 3 0 2 1 0 2 2 3 0 2 3 2 0 3 3 2
 3 2 3 0 3 1 1 0 3 3 2 2 3 2 2 1 2 0 3 2 2 2 0 3 2 2 3 3 0 2 0 0 3 2 3 2 3
 3 2 3 3 2 3 2 2 2 2 2 0 3 3 0 0 3 3 0 3 2 3 0 2 3 3 2 2 3 3 0 2 3 0 0 2 3
 2 0 2 3 0 3 2 0 2 3 4 3 0 3 3 3 3 2 0 2 1 3 3 2 0 3 0 3 0 0 2 0 3 0 3 2 0
 2 2 2 2 2 2 2 3 0 3 2 2 3 2 1 2 3 3 2 3 2 0 2 2 0 3 2 2 2 0 2 0 0 3 0 0 1
 2 0 2 0 3 2 3 2 0 3 3 2 2 2 3 2 3 3 3 3 3 1 0 2 3 3 3 2 3 3 2 2 2 2 3 3 3
 2 2 4 3 3 2 0 2 2 2 2 0 3 2 0 2 2 3 0 2 0 3 0 3 2 0 3 2 3 0 0 3 2 2 2 0 1
 0 2 2 1 3 2 3 1 2 0 3 3 2 0 1 3 2 3 2 0 3 3 2 1 0 3 3 3 0 3 3 2 2 3 3 2 3
 3 2 2 0 3 2 2 0 1 3 2 0 3 3 3 0 3 3 2 3 3 3 3 3 3 2 0 2 2 0 0 2 0 2 3 2 0
 2 0 0 2 1 3 0 3 3 3 1 2 2 2 2 3 3 3 1 0 2 2 0 2 3 2 2 3 2 2 2 2 1 2 2 3 3
 3 2 0 3 1 2 2 3 0 1 0 3 3 2 2 2 2 0 0 0 2 3 3 2 1 0 2 0 2 2 3 0 3 2 2 3 2
 3 2 3 2 2 3 3 3 3 2 0 0 2 0 0 3 0 0 2 0 2 2 2 2 2 2 1 2 1 3 3 3 3 3 2 0 2
 0 2 2 0 3 2 0 0 3 2 0 2 3 3 0 3 3 3 3 0 1 0 3 2 1 2 2 2 3 3 2 2 2 3 2 2 3
 2 1 3 1 3 0 3 3 3 3 2 0 3 2 3 2 2 3 3 3 0 2 0 2 3 0 2 0 3 2 0 2 2 1 3 2 0
 0 0 3 3 2 2 3 0 3 0 3 2 3 3 2 3 0 2 2 3 1 3 3 2 3 3 3 3 3 2 2 3 2 3 0 0 2
 3]","          age  final-weight  education-num  marital-status  occupation  \
0    1.760492     -0.983989      -0.441050        2.270262   -0.359368   
1    0.292559      0.215962      -0.063115       -0.406934   -0.822172   
2    1.026525     -0.316712      -0.818984       -1.745532    1.723252   
3   -0.808391      1.659441      -1.952787       -0.406934    0.103437   
4   -0.661597     -1.382960      -0.441050        0.931664   -1.284976   
..        ...           ...            ...             ...         ...   
995 -1.175374     -0.054000      -0.441050       -1.745532    0.334839   
996  0.659542     -0.551296      -0.063115       -0.406934   -1.284976   
997  1.026525      1.067510       1.070688       -0.406934    1.260448   
998 -1.248770      0.058721      -0.063115        0.931664   -1.516379   
999  0.879732     -0.135583      -0.441050       -1.745532    1.723252   

     relationship  capital-gain  hours-per-week  native-country    income  \
0       -0.268755     -0.132698       -2.857973        0.296016 -0.551163   
1       -0.886584     -0.132698       -0.065540        0.296016 -0.551163   
2       -0.268755     -0.132698       -0.065540        0.296016 -0.551163   
3       -0.886584     -0.132698        0.098721        0.296016 -0.551163   
4        0.349073     -0.132698       -0.065540        0.296016 -0.551163   
..            ...           ...             ...             ...       ...   
995     -0.268755     -0.132698       -0.065540        0.296016 -0.551163   
996     -0.886584     -0.132698       -0.065540        0.296016  1.814344   
997     -0.886584     -0.132698        0.755764        0.296016  1.814344   
998      0.966902     -0.132698       -1.708148        0.296016 -0.551163   
999      1.584730     -0.132698       -0.065540        0.296016 -0.551163   

     race  sex  unfair_label  fair_label  
0       4    1             2           2  
1       4    1             3           3  
2       4    0             3           3  
3       4    1             3           3  
4       4    0             2           3  
..    ...  ...           ...         ...  
995     4    0             3           3  
996     4    1             0           0  
997     4    1             0           0  
998     4    0             2           2  
999     2    1             3           3  

[1000 rows x 14 columns]"
6,0.823003654525119,0.8017649652816033,0.833379140559935,101,"[2. 0. 4. 2. 0. 0. 2. 1. 0. 2. 5. 4. 4. 2. 1. 1. 1. 0. 4. 0. 0. 4. 2. 1.
 4. 4. 4. 1. 0. 1. 4. 1. 2. 2. 1. 2. 4. 2. 0. 1. 2. 2. 0. 0. 4. 2. 2. 1.
 2. 4. 4. 2. 0. 0. 5. 4. 2. 2. 0. 0. 0. 2. 1. 2. 0. 4. 4. 1. 4. 0. 1. 2.
 2. 1. 2. 2. 4. 1. 0. 1. 1. 2. 2. 2. 1. 0. 0. 1. 4. 2. 5. 1. 4. 2. 2. 2.
 1. 2. 0. 4. 0. 4. 2. 0. 4. 1. 2. 4. 0. 5. 0. 0. 1. 4. 0. 2. 1. 0. 2. 0.
 2. 0. 4. 2. 0. 1. 0. 2. 0. 2. 4. 0. 2. 0. 4. 1. 2. 0. 4. 0. 4. 2. 0. 2.
 0. 1. 5. 4. 0. 2. 4. 2. 2. 2. 2. 5. 0. 1. 2. 5. 4. 0. 4. 0. 4. 0. 2. 1.
 2. 4. 4. 4. 2. 2. 4. 1. 0. 1. 5. 2. 0. 0. 1. 4. 5. 2. 4. 4. 2. 1. 2. 2.
 5. 0. 2. 2. 4. 0. 1. 4. 2. 5. 2. 2. 0. 0. 1. 2. 2. 0. 2. 0. 2. 4. 1. 2.
 4. 2. 4. 1. 2. 4. 2. 4. 0. 0. 1. 4. 0. 1. 4. 4. 0. 0. 0. 2. 2. 2. 4. 2.
 2. 2. 4. 0. 2. 4. 0. 2. 2. 2. 1. 0. 0. 5. 2. 0. 4. 4. 2. 0. 0. 2. 2. 0.
 2. 4. 1. 2. 2. 0. 0. 0. 2. 2. 5. 4. 5. 2. 4. 2. 4. 4. 3. 2. 4. 0. 4. 0.
 2. 4. 4. 1. 4. 4. 2. 5. 0. 0. 1. 2. 2. 4. 0. 0. 2. 0. 2. 0. 2. 4. 0. 2.
 3. 0. 2. 2. 5. 2. 2. 2. 0. 0. 2. 0. 2. 2. 2. 2. 2. 0. 1. 0. 0. 2. 5. 1.
 1. 0. 0. 2. 2. 2. 1. 0. 4. 0. 0. 1. 4. 1. 2. 1. 2. 2. 4. 4. 0. 2. 0. 1.
 2. 4. 2. 2. 5. 0. 4. 4. 0. 1. 0. 2. 2. 0. 2. 0. 2. 0. 2. 5. 2. 2. 4. 0.
 1. 2. 2. 0. 5. 2. 4. 4. 2. 2. 2. 1. 2. 0. 0. 4. 4. 2. 0. 2. 0. 2. 2. 4.
 1. 4. 4. 4. 1. 2. 0. 4. 4. 1. 2. 1. 5. 1. 4. 2. 2. 0. 1. 1. 1. 4. 2. 1.
 5. 0. 4. 5. 2. 0. 2. 0. 2. 1. 2. 2. 0. 4. 4. 2. 0. 1. 1. 2. 4. 2. 2. 1.
 4. 4. 2. 4. 5. 1. 0. 5. 5. 0. 2. 2. 2. 1. 0. 5. 0. 2. 0. 1. 4. 2. 0. 0.
 2. 0. 2. 1. 2. 0. 5. 4. 2. 5. 0. 4. 5. 2. 4. 0. 1. 0. 4. 0. 0. 4. 2. 4.
 5. 4. 0. 1. 5. 2. 5. 0. 5. 2. 2. 4. 2. 1. 2. 4. 2. 2. 2. 0. 2. 1. 0. 4.
 2. 2. 2. 2. 0. 2. 4. 0. 2. 2. 0. 4. 1. 2. 2. 0. 0. 1. 2. 0. 0. 1. 0. 0.
 2. 5. 2. 2. 2. 2. 5. 2. 2. 0. 2. 1. 2. 1. 2. 2. 2. 4. 1. 1. 4. 0. 2. 4.
 0. 0. 0. 2. 4. 0. 4. 2. 2. 0. 0. 4. 1. 0. 4. 0. 4. 0. 0. 0. 2. 0. 0. 4.
 0. 2. 0. 5. 0. 1. 2. 4. 4. 2. 0. 0. 2. 0. 1. 1. 1. 1. 4. 4. 2. 0. 2. 2.
 0. 4. 0. 2. 4. 0. 2. 2. 1. 1. 1. 1. 1. 2. 0. 2. 0. 0. 4. 1. 3. 4. 4. 2.
 4. 0. 1. 1. 2. 2. 4. 2. 0. 0. 2. 2. 0. 5. 4. 2. 0. 0. 2. 5. 1. 2. 0. 0.
 2. 2. 0. 4. 0. 0. 1. 4. 2. 2. 4. 2. 4. 4. 4. 2. 0. 2. 0. 1. 2. 4. 2. 0.
 0. 2. 4. 0. 4. 0. 5. 3. 1. 2. 1. 1. 2. 0. 1. 2. 1. 2. 1. 0. 0. 1. 2. 2.
 4. 2. 2. 2. 2. 2. 2. 4. 4. 5. 0. 2. 2. 0. 1. 2. 0. 1. 0. 0. 4. 0. 2. 0.
 0. 1. 4. 0. 2. 1. 1. 1. 1. 4. 0. 5. 0. 2. 2. 2. 4. 2. 2. 0. 1. 2. 2. 2.
 1. 4. 2. 4. 0. 4. 0. 2. 4. 1. 0. 2. 0. 5. 4. 0. 2. 4. 0. 0. 4. 4. 0. 1.
 2. 5. 1. 0. 1. 1. 0. 2. 2. 2. 2. 2. 4. 1. 4. 0. 0. 2. 1. 1. 2. 0. 1. 0.
 1. 2. 0. 2. 0. 1. 0. 2. 2. 0. 4. 0. 4. 5. 2. 1. 4. 4. 4. 0. 1. 1. 1. 2.
 2. 0. 2. 1. 0. 4. 0. 4. 0. 4. 0. 2. 0. 2. 2. 0. 4. 1. 4. 4. 0. 4. 0. 0.
 4. 0. 0. 4. 2. 4. 0. 0. 0. 2. 4. 2. 0. 2. 0. 5. 1. 0. 2. 0. 2. 1. 5. 0.
 2. 4. 2. 0. 4. 2. 0. 1. 4. 2. 2. 2. 0. 1. 2. 1. 4. 4. 0. 0. 2. 2. 4. 4.
 1. 2. 4. 2. 4. 0. 0. 2. 0. 5. 2. 0. 2. 5. 1. 0. 2. 0. 4. 0. 0. 2. 1. 0.
 1. 4. 4. 1. 4. 0. 0. 4. 2. 2. 2. 0. 4. 0. 1. 2. 2. 4. 1. 0. 2. 2. 0. 2.
 2. 4. 0. 4. 0. 5. 0. 4. 2. 4. 4. 1. 1. 0. 0. 2. 0. 4. 1. 0. 0. 0. 0. 0.
 0. 4. 1. 4. 0. 2. 0. 0. 0. 2. 2. 0. 2. 0. 2. 0.]","[3 1 5 3 1 1 3 2 1 3 6 5 5 3 2 2 2 1 5 1 1 5 1 2 5 5 5 2 1 2 5 2 3 3 2 3 5
 1 1 2 3 1 1 1 5 3 1 2 3 5 5 3 1 1 6 5 1 3 1 1 1 3 2 3 1 5 5 2 5 1 2 1 3 2
 3 3 5 2 1 2 2 3 1 3 2 1 1 2 5 3 6 2 5 1 3 1 2 3 1 5 1 5 3 1 5 2 1 5 1 6 1
 1 2 5 1 1 2 1 2 1 3 1 5 3 1 2 1 3 1 3 5 1 1 1 5 2 1 1 5 1 5 3 1 3 1 2 6 5
 1 1 5 3 1 3 3 6 1 2 3 6 5 1 5 1 5 1 1 2 1 5 5 5 3 1 5 2 1 2 6 3 1 1 2 5 6
 3 5 5 3 2 3 3 6 1 3 3 5 1 2 5 3 6 3 3 1 1 2 1 3 1 3 1 3 5 2 3 5 3 5 2 3 5
 3 5 1 1 2 5 1 2 5 5 1 1 1 1 1 1 5 3 3 1 5 1 3 5 1 3 1 3 2 1 1 6 1 1 5 5 3
 1 1 1 3 1 3 5 2 1 3 1 1 1 3 3 6 5 6 1 5 3 5 5 4 3 5 1 5 1 3 5 5 2 5 5 3 6
 1 1 2 3 1 5 1 1 1 1 3 1 3 5 1 3 4 1 1 3 6 3 1 3 1 1 3 1 3 1 3 3 3 1 2 1 1
 3 6 2 2 1 1 3 1 1 2 1 5 1 1 2 5 2 3 2 1 1 5 5 1 3 1 2 3 5 1 1 6 1 5 5 1 2
 1 1 3 1 3 1 1 1 1 6 1 3 5 1 2 3 3 1 6 3 5 5 3 3 1 2 3 1 1 5 5 3 1 3 1 3 3
 5 2 5 5 5 2 3 1 5 5 2 3 2 6 2 5 3 1 1 2 2 2 5 3 2 6 1 5 6 1 1 1 1 3 2 1 3
 1 5 5 3 1 2 2 1 5 3 3 2 5 5 3 5 5 2 1 6 6 1 3 3 3 2 1 6 1 3 1 2 5 3 1 1 3
 1 3 2 3 1 6 5 3 6 1 5 6 3 5 1 2 1 5 1 1 5 3 5 6 5 1 2 6 3 6 1 6 3 3 5 1 2
 3 5 3 1 3 1 3 2 1 5 3 3 3 3 1 3 5 1 3 1 1 5 2 3 3 1 1 2 1 1 1 2 1 1 3 6 1
 3 1 3 6 3 3 1 3 2 3 2 1 3 1 5 2 2 5 1 3 5 1 1 1 3 5 1 5 3 3 1 1 5 2 1 5 1
 5 1 1 1 3 1 1 5 1 3 1 6 6 2 3 5 5 3 1 1 3 1 2 2 2 2 5 5 3 1 3 3 1 5 1 1 5
 1 1 3 2 2 5 2 2 3 1 3 1 1 5 2 4 5 5 1 5 1 2 2 3 3 5 3 1 1 1 3 1 6 5 1 1 1
 3 6 2 3 6 1 3 3 1 5 1 1 2 5 5 3 5 3 5 5 5 3 1 3 1 2 1 5 1 1 1 1 5 1 5 1 6
 4 3 3 2 2 1 1 2 1 2 3 2 1 1 2 3 1 5 3 3 1 1 3 1 5 5 6 1 3 3 1 2 1 1 2 1 1
 5 1 1 3 1 2 5 1 3 2 2 2 2 5 1 6 1 1 3 3 5 3 3 1 2 1 3 3 2 5 3 5 1 5 1 3 5
 2 1 3 1 6 5 1 3 5 1 1 5 5 2 2 3 6 2 1 2 2 1 1 3 3 3 1 5 2 5 1 1 3 2 2 3 1
 2 1 2 3 1 3 1 2 1 3 1 1 5 1 5 6 3 2 5 5 5 1 2 2 2 3 3 1 3 2 1 5 1 5 1 5 1
 3 1 3 3 1 5 2 5 5 1 5 1 1 5 1 1 5 3 5 1 1 1 1 5 3 1 1 1 6 2 1 3 1 3 2 6 1
 3 5 1 1 5 3 1 2 5 1 3 3 1 2 3 2 5 5 1 1 1 3 5 5 2 3 5 3 5 1 1 3 1 6 3 1 3
 6 2 1 1 1 5 1 1 3 2 1 2 5 5 2 5 1 1 5 3 3 1 2 5 1 2 1 1 5 2 1 1 1 1 3 3 5
 1 5 1 6 1 5 3 5 5 2 5 1 1 3 1 5 2 1 1 1 1 3 1 5 2 5 1 3 1 1 1 3 3 1 3 1 3
 1]","[2 0 4 2 0 0 2 1 0 2 5 4 4 2 1 1 1 0 4 0 0 4 0 1 4 4 4 1 0 1 4 1 2 2 1 2 4
 0 0 1 2 0 0 0 4 2 0 1 2 4 4 2 0 0 5 4 0 2 0 0 0 2 1 2 0 4 4 1 4 0 1 0 2 1
 2 2 4 1 0 1 1 2 0 2 1 0 0 1 4 2 5 1 4 0 2 0 1 2 0 4 0 4 2 0 4 1 0 4 0 5 0
 0 1 4 0 0 1 0 1 0 2 0 4 2 0 1 0 2 0 2 4 0 0 0 4 1 0 0 4 0 4 2 0 2 0 1 5 4
 0 0 4 2 0 2 2 5 0 1 2 5 4 0 4 0 4 0 0 1 0 4 4 4 2 0 4 1 0 1 5 2 0 0 1 4 5
 2 4 4 2 1 2 2 5 0 2 2 4 0 1 4 2 5 2 2 0 0 1 0 2 0 2 0 2 4 1 2 4 2 4 1 2 4
 2 4 0 0 1 4 0 1 4 4 0 0 0 0 0 0 4 2 2 0 4 0 2 4 0 2 0 2 1 0 0 5 0 0 4 4 2
 0 0 0 2 0 2 4 1 0 2 0 0 0 2 2 5 4 5 0 4 2 4 4 3 2 4 0 4 0 2 4 4 1 4 4 2 5
 0 0 1 2 0 4 0 0 0 0 2 0 2 4 0 2 3 0 0 2 5 2 0 2 0 0 2 0 2 0 2 2 2 0 1 0 0
 2 5 1 1 0 0 2 0 0 1 0 4 0 0 1 4 1 2 1 0 0 4 4 0 2 0 1 2 4 0 0 5 0 4 4 0 1
 0 0 2 0 2 0 0 0 0 5 0 2 4 0 1 2 2 0 5 2 4 4 2 2 0 1 2 0 0 4 4 2 0 2 0 2 2
 4 1 4 4 4 1 2 0 4 4 1 2 1 5 1 4 2 0 0 1 1 1 4 2 1 5 0 4 5 0 0 0 0 2 1 0 2
 0 4 4 2 0 1 1 0 4 2 2 1 4 4 2 4 4 1 0 5 5 0 2 2 2 1 0 5 0 2 0 1 4 2 0 0 2
 0 2 1 2 0 5 4 2 5 0 4 5 2 4 0 1 0 4 0 0 4 2 4 5 4 0 1 5 2 5 0 5 2 2 4 0 1
 2 4 2 0 2 0 2 1 0 4 2 2 2 2 0 2 4 0 2 0 0 4 1 2 2 0 0 1 0 0 0 1 0 0 2 5 0
 2 0 2 5 2 2 0 2 1 2 1 0 2 0 4 1 1 4 0 2 4 0 0 0 2 4 0 4 2 2 0 0 4 1 0 4 0
 4 0 0 0 2 0 0 4 0 2 0 5 5 1 2 4 4 2 0 0 2 0 1 1 1 1 4 4 2 0 2 2 0 4 0 0 4
 0 0 2 1 1 4 1 1 2 0 2 0 0 4 1 3 4 4 0 4 0 1 1 2 2 4 2 0 0 0 2 0 5 4 0 0 0
 2 5 1 2 5 0 2 2 0 4 0 0 1 4 4 2 4 2 4 4 4 2 0 2 0 1 0 4 0 0 0 0 4 0 4 0 5
 3 2 2 1 1 0 0 1 0 1 2 1 0 0 1 2 0 4 2 2 0 0 2 0 4 4 5 0 2 2 0 1 0 0 1 0 0
 4 0 0 2 0 1 4 0 2 1 1 1 1 4 0 5 0 0 2 2 4 2 2 0 1 0 2 2 1 4 2 4 0 4 0 2 4
 1 0 2 0 5 4 0 2 4 0 0 4 4 1 1 2 5 1 0 1 1 0 0 2 2 2 0 4 1 4 0 0 2 1 1 2 0
 1 0 1 2 0 2 0 1 0 2 0 0 4 0 4 5 2 1 4 4 4 0 1 1 1 2 2 0 2 1 0 4 0 4 0 4 0
 2 0 2 2 0 4 1 4 4 0 4 0 0 4 0 0 4 2 4 0 0 0 0 4 2 0 0 0 5 1 0 2 0 2 1 5 0
 2 4 0 0 4 2 0 1 4 0 2 2 0 1 2 1 4 4 0 0 0 2 4 4 1 2 4 2 4 0 0 2 0 5 2 0 2
 5 1 0 0 0 4 0 0 2 1 0 1 4 4 1 4 0 0 4 2 2 0 1 4 0 1 0 0 4 1 0 0 0 0 2 2 4
 0 4 0 5 0 4 2 4 4 1 4 0 0 2 0 4 1 0 0 0 0 2 0 4 1 4 0 2 0 0 0 2 2 0 2 0 2
 0]","          age  final-weight  education-num  marital-status  occupation  \
0   -1.295037     -1.491413      -0.029631        0.907496    0.814564   
1    0.654015     -1.024919       1.593963        1.558030    0.814564   
2    1.592448     -0.079135       1.188065       -0.393573    0.814564   
3   -1.006289     -1.435471      -0.029631        0.256961    1.286364   
4    0.798390     -0.398293       1.188065        0.907496   -0.600838   
..        ...           ...            ...             ...         ...   
995  1.592448     -0.087216      -0.435529       -0.393573    0.106863   
996 -1.078476      1.168403      -0.435529        0.907496   -1.308539   
997 -0.861914     -1.425879       0.376268       -0.393573    1.286364   
998 -1.150663      0.897838      -0.435529        0.907496    1.758165   
999 -0.067856      1.301069      -2.465021       -0.393573   -1.308539   

     relationship  capital-gain  hours-per-week  native-country    income  \
0        0.922244     -0.128082       -0.018133        0.280369 -0.527989   
1       -0.304960     -0.128082        1.653090        0.280369 -0.527989   
2       -0.918562      2.118778        0.817479        0.280369  1.893979   
3        1.535846     -0.128082       -0.018133        0.280369 -0.527989   
4       -0.304960     -0.128082       -0.018133        0.280369 -0.527989   
..            ...           ...             ...             ...       ...   
995     -0.918562     -0.128082       -0.018133        0.280369 -0.527989   
996     -0.304960     -0.128082       -0.018133        0.280369 -0.527989   
997     -0.918562     -0.128082       -0.435938        0.280369 -0.527989   
998      0.922244     -0.128082       -0.018133        0.280369 -0.527989   
999     -0.918562     -0.128082       -0.018133        0.280369 -0.527989   

     race  sex  unfair_label  fair_label  
0       4    1             2           2  
1       4    1             0           0  
2       4    1             4           4  
3       4    0             2           2  
4       4    1             0           0  
..    ...  ...           ...         ...  
995     4    1             0           0  
996     4    0             2           2  
997     4    1             0           0  
998     4    1             2           2  
999     4    1             0           1  

[1000 rows x 14 columns]"
7,0.8734048779569755,0.8668576342222829,0.8661687357902059,49,"[4. 2. 6. 1. 4. 6. 6. 1. 4. 6. 1. 4. 6. 2. 2. 1. 6. 4. 2. 2. 0. 2. 2. 1.
 4. 1. 1. 1. 1. 1. 4. 6. 1. 1. 0. 6. 1. 0. 5. 4. 4. 2. 3. 1. 6. 6. 4. 0.
 6. 6. 4. 1. 4. 2. 5. 1. 6. 1. 4. 1. 5. 4. 6. 6. 1. 1. 4. 0. 6. 4. 4. 1.
 1. 5. 1. 4. 2. 1. 6. 1. 6. 0. 6. 6. 1. 4. 2. 6. 4. 2. 4. 2. 1. 0. 1. 1.
 1. 4. 2. 1. 5. 2. 0. 1. 4. 4. 2. 6. 0. 6. 6. 1. 1. 2. 2. 1. 6. 1. 2. 1.
 1. 6. 2. 4. 1. 1. 6. 1. 6. 4. 6. 4. 6. 4. 6. 6. 1. 4. 6. 1. 6. 1. 1. 4.
 6. 6. 4. 1. 6. 6. 1. 4. 4. 6. 5. 1. 1. 0. 1. 1. 5. 1. 1. 2. 4. 4. 1. 4.
 4. 4. 1. 6. 2. 6. 6. 1. 6. 4. 1. 4. 4. 4. 5. 1. 4. 1. 2. 1. 6. 6. 1. 6.
 4. 4. 6. 0. 2. 2. 1. 1. 4. 1. 4. 6. 4. 1. 4. 2. 4. 4. 6. 4. 1. 1. 6. 0.
 1. 1. 2. 4. 2. 4. 1. 6. 0. 4. 4. 2. 1. 1. 2. 6. 1. 1. 0. 0. 0. 4. 4. 6.
 1. 1. 1. 4. 2. 1. 5. 1. 4. 4. 1. 1. 1. 4. 4. 4. 4. 4. 6. 1. 4. 0. 5. 4.
 0. 6. 6. 6. 4. 4. 4. 1. 4. 1. 6. 1. 6. 4. 4. 1. 6. 4. 3. 2. 2. 4. 2. 2.
 4. 1. 5. 1. 1. 6. 4. 1. 2. 6. 1. 6. 4. 0. 4. 2. 6. 5. 1. 2. 6. 4. 4. 6.
 5. 1. 5. 0. 4. 0. 1. 0. 1. 1. 4. 4. 1. 0. 1. 1. 4. 2. 4. 2. 6. 2. 5. 0.
 6. 1. 4. 6. 1. 1. 6. 1. 1. 2. 1. 5. 6. 1. 6. 4. 4. 1. 1. 6. 1. 6. 4. 2.
 6. 4. 4. 4. 6. 1. 1. 1. 1. 4. 1. 4. 1. 4. 4. 5. 4. 1. 6. 1. 1. 2. 6. 0.
 1. 1. 2. 6. 1. 6. 0. 1. 2. 1. 5. 1. 6. 2. 6. 6. 1. 2. 1. 4. 6. 4. 6. 6.
 6. 1. 6. 4. 2. 2. 6. 0. 4. 4. 6. 1. 4. 1. 1. 1. 4. 5. 5. 4. 1. 1. 2. 4.
 4. 1. 4. 6. 1. 0. 1. 1. 1. 2. 6. 4. 6. 6. 1. 4. 6. 4. 2. 1. 6. 1. 1. 1.
 4. 1. 6. 4. 5. 6. 2. 0. 2. 6. 0. 1. 2. 4. 0. 2. 4. 4. 6. 1. 2. 1. 4. 2.
 4. 1. 3. 1. 2. 5. 6. 0. 2. 4. 6. 0. 6. 1. 4. 4. 4. 4. 4. 6. 1. 6. 0. 1.
 1. 1. 0. 1. 0. 1. 6. 5. 0. 2. 1. 6. 0. 2. 1. 4. 3. 5. 4. 1. 4. 1. 1. 4.
 4. 1. 6. 1. 4. 6. 0. 4. 6. 1. 6. 2. 6. 4. 1. 4. 4. 0. 4. 6. 0. 6. 6. 1.
 1. 1. 2. 4. 1. 2. 1. 1. 2. 1. 4. 1. 1. 1. 1. 4. 1. 6. 2. 1. 4. 4. 4. 1.
 1. 6. 6. 4. 6. 0. 4. 1. 1. 2. 4. 1. 5. 1. 4. 6. 2. 5. 1. 1. 4. 1. 6. 4.
 2. 4. 0. 6. 1. 4. 5. 1. 2. 4. 1. 1. 4. 1. 1. 6. 1. 2. 6. 1. 6. 4. 4. 4.
 4. 2. 4. 1. 6. 1. 1. 2. 2. 2. 4. 2. 6. 5. 4. 1. 1. 4. 4. 2. 4. 4. 1. 1.
 0. 6. 0. 4. 4. 6. 0. 1. 1. 2. 4. 0. 0. 6. 2. 0. 2. 4. 4. 6. 4. 1. 4. 1.
 6. 1. 6. 0. 0. 1. 5. 4. 2. 2. 6. 5. 1. 1. 0. 5. 0. 1. 2. 6. 1. 1. 4. 4.
 4. 1. 4. 4. 1. 4. 0. 1. 6. 1. 2. 6. 4. 0. 4. 0. 2. 4. 2. 1. 4. 4. 2. 1.
 6. 0. 2. 4. 5. 6. 0. 1. 3. 4. 4. 1. 1. 1. 1. 2. 0. 1. 4. 1. 1. 0. 1. 4.
 4. 1. 4. 1. 0. 4. 4. 4. 6. 4. 6. 4. 1. 1. 4. 6. 4. 6. 1. 4. 5. 4. 6. 5.
 5. 6. 6. 1. 1. 2. 4. 6. 4. 4. 1. 0. 4. 2. 4. 6. 4. 0. 1. 6. 1. 4. 4. 6.
 5. 4. 5. 6. 4. 4. 1. 0. 5. 0. 1. 6. 2. 1. 4. 0. 2. 4. 3. 6. 5. 0. 6. 1.
 4. 1. 4. 6. 6. 2. 6. 1. 5. 6. 2. 1. 6. 0. 2. 4. 4. 0. 6. 1. 4. 1. 1. 2.
 1. 4. 1. 4. 2. 1. 5. 1. 4. 6. 4. 4. 1. 6. 2. 6. 6. 1. 1. 0. 1. 1. 5. 1.
 1. 1. 5. 4. 1. 4. 1. 6. 1. 1. 0. 4. 2. 2. 6. 2. 6. 1. 6. 6. 2. 1. 4. 1.
 1. 0. 6. 4. 4. 6. 6. 2. 4. 1. 6. 4. 0. 1. 0. 1. 4. 6. 1. 1. 4. 6. 6. 6.
 1. 4. 6. 1. 4. 0. 4. 6. 1. 1. 1. 1. 2. 4. 4. 4. 6. 4. 1. 1. 6. 4. 4. 2.
 5. 4. 4. 1. 4. 6. 6. 4. 1. 0. 0. 4. 0. 2. 4. 4. 1. 1. 6. 4. 5. 1. 1. 4.
 6. 4. 3. 6. 6. 4. 4. 6. 6. 6. 4. 6. 6. 1. 4. 1. 5. 2. 2. 1. 4. 6. 4. 4.
 4. 6. 5. 4. 4. 1. 0. 4. 2. 2. 6. 6. 0. 5. 5. 1.]","[5 3 7 2 5 7 7 2 5 7 2 5 7 3 3 2 7 5 3 3 1 3 3 2 5 2 2 2 2 2 5 7 2 2 1 7 2
 1 6 5 5 3 4 2 7 7 5 1 5 7 5 2 5 3 6 2 7 2 5 2 6 5 7 7 2 2 5 1 7 5 5 2 2 6
 2 5 3 2 5 1 7 1 7 7 2 5 3 7 5 3 5 3 2 5 2 2 2 5 3 2 6 3 5 2 5 5 3 7 1 7 7
 2 2 3 3 2 7 2 3 2 2 7 3 5 2 2 7 2 7 5 7 5 7 5 7 7 2 5 7 2 7 2 2 5 7 7 5 2
 7 7 2 5 5 7 6 2 2 1 2 2 6 2 2 3 5 5 2 5 5 5 2 7 3 7 7 2 7 5 2 5 5 5 6 2 5
 2 3 2 7 7 2 7 5 5 7 1 3 3 2 7 5 2 5 7 5 2 5 3 5 5 7 5 2 2 7 1 2 2 3 5 3 5
 2 7 1 5 5 3 2 2 3 7 2 2 1 1 1 5 5 7 2 2 2 5 3 2 6 2 5 5 2 2 2 5 5 5 5 5 7
 2 5 1 6 5 1 7 7 7 5 5 5 2 5 7 7 7 7 5 5 2 7 5 4 3 3 5 3 3 5 2 6 2 2 7 5 2
 3 7 2 7 5 1 5 3 7 6 1 3 7 5 5 7 6 2 6 1 5 2 2 5 2 2 5 5 2 1 2 2 5 3 5 3 7
 3 6 1 7 2 5 7 1 2 7 2 2 3 2 6 7 2 7 5 5 2 2 7 2 7 5 3 7 5 5 5 7 2 2 2 1 5
 2 5 2 7 5 6 5 2 7 1 2 3 7 1 2 2 3 7 2 7 1 2 3 2 6 2 7 3 7 7 2 3 2 5 7 5 7
 7 7 2 7 5 3 2 7 1 5 5 7 2 5 2 2 2 5 6 6 5 2 2 3 5 5 2 5 7 2 1 2 2 2 3 7 5
 7 7 2 5 7 5 3 2 7 2 2 2 5 2 7 5 6 7 3 1 3 7 1 2 3 5 1 3 5 5 7 2 3 2 5 3 5
 2 4 2 3 6 7 1 3 5 7 1 7 2 5 7 5 5 5 7 2 7 1 2 2 2 1 2 1 2 7 6 1 3 1 7 1 3
 2 5 4 6 5 2 5 2 2 2 5 2 7 2 5 7 1 5 7 2 7 3 7 5 2 5 5 1 5 7 1 7 7 2 2 2 3
 5 2 3 2 2 3 2 5 2 2 2 2 2 2 7 3 2 5 5 5 2 1 7 7 5 7 1 5 2 2 3 5 2 6 2 5 7
 3 6 2 2 5 2 7 5 3 5 1 7 2 5 6 2 3 5 1 1 5 2 2 7 1 3 7 2 7 5 5 5 7 3 2 2 7
 2 2 3 3 3 5 3 7 6 5 2 2 5 5 3 5 5 1 2 1 7 1 5 5 7 2 2 2 3 5 1 1 7 3 1 3 5
 5 7 5 2 5 2 7 2 7 1 5 2 6 5 3 3 7 6 2 2 1 6 1 2 3 7 2 2 5 5 5 2 5 5 2 5 1
 2 7 2 3 7 5 1 5 1 3 5 3 2 5 5 3 2 7 1 3 5 6 7 2 2 4 5 5 2 2 2 2 3 1 2 5 2
 2 2 2 5 5 2 5 2 1 5 5 5 7 5 7 5 2 2 5 7 5 7 2 5 6 5 7 6 6 7 7 2 2 3 5 7 2
 5 2 1 5 3 5 7 5 5 2 7 2 5 5 7 6 5 6 7 5 5 2 5 6 1 2 7 3 2 5 5 7 5 4 7 6 1
 7 2 5 2 5 7 5 3 7 2 6 7 3 2 7 1 3 5 5 1 7 2 5 2 2 7 2 5 2 5 3 2 6 2 5 7 5
 5 2 7 3 7 7 2 2 1 2 2 6 2 2 2 6 5 2 5 2 5 2 2 1 5 3 3 7 3 7 2 7 7 3 2 5 2
 2 1 7 5 5 7 7 3 5 2 7 5 1 2 5 2 5 7 2 2 5 7 7 7 2 7 7 2 5 1 5 7 6 2 2 2 3
 7 5 5 7 5 2 2 7 5 5 3 6 5 5 2 5 7 7 5 2 5 1 5 5 3 5 5 2 1 7 5 6 2 2 5 7 5
 4 7 7 5 5 7 7 7 5 7 7 2 5 2 6 3 3 2 5 7 7 5 5 7 6 2 5 2 5 5 3 3 7 7 1 6 6
 2]","[4 2 6 1 4 6 6 1 4 6 1 4 6 2 2 1 6 4 2 2 0 2 2 1 4 1 1 1 1 1 4 6 1 1 0 6 1
 0 5 4 4 2 3 1 6 6 4 0 4 6 4 1 4 2 5 1 6 1 4 1 5 4 6 6 1 1 4 0 6 4 4 1 1 5
 1 4 2 1 4 0 6 0 6 6 1 4 2 6 4 2 4 2 1 4 1 1 1 4 2 1 5 2 4 1 4 4 2 6 0 6 6
 1 1 2 2 1 6 1 2 1 1 6 2 4 1 1 6 1 6 4 6 4 6 4 6 6 1 4 6 1 6 1 1 4 6 6 4 1
 6 6 1 4 4 6 5 1 1 0 1 1 5 1 1 2 4 4 1 4 4 4 1 6 2 6 6 1 6 4 1 4 4 4 5 1 4
 1 2 1 6 6 1 6 4 4 6 0 2 2 1 6 4 1 4 6 4 1 4 2 4 4 6 4 1 1 6 0 1 1 2 4 2 4
 1 6 0 4 4 2 1 1 2 6 1 1 0 0 0 4 4 6 1 1 1 4 2 1 5 1 4 4 1 1 1 4 4 4 4 4 6
 1 4 0 5 4 0 6 6 6 4 4 4 1 4 6 6 6 6 4 4 1 6 4 3 2 2 4 2 2 4 1 5 1 1 6 4 1
 2 6 1 6 4 0 4 2 6 5 0 2 6 4 4 6 5 1 5 0 4 1 1 4 1 1 4 4 1 0 1 1 4 2 4 2 6
 2 5 0 6 1 4 6 0 1 6 1 1 2 1 5 6 1 6 4 4 1 1 6 1 6 4 2 6 4 4 4 6 1 1 1 0 4
 1 4 1 6 4 5 4 1 6 0 1 2 6 0 1 1 2 6 1 6 0 1 2 1 5 1 6 2 6 6 1 2 1 4 6 4 6
 6 6 1 6 4 2 1 6 0 4 4 6 1 4 1 1 1 4 5 5 4 1 1 2 4 4 1 4 6 1 0 1 1 1 2 6 4
 6 6 1 4 6 4 2 1 6 1 1 1 4 1 6 4 5 6 2 0 2 6 0 1 2 4 0 2 4 4 6 1 2 1 4 2 4
 1 3 1 2 5 6 0 2 4 6 0 6 1 4 6 4 4 4 6 1 6 0 1 1 1 0 1 0 1 6 5 0 2 0 6 0 2
 1 4 3 5 4 1 4 1 1 1 4 1 6 1 4 6 0 4 6 1 6 2 6 4 1 4 4 0 4 6 0 6 6 1 1 1 2
 4 1 2 1 1 2 1 4 1 1 1 1 1 1 6 2 1 4 4 4 1 0 6 6 4 6 0 4 1 1 2 4 1 5 1 4 6
 2 5 1 1 4 1 6 4 2 4 0 6 1 4 5 1 2 4 0 0 4 1 1 6 0 2 6 1 6 4 4 4 6 2 1 1 6
 1 1 2 2 2 4 2 6 5 4 1 1 4 4 2 4 4 0 1 0 6 0 4 4 6 1 1 1 2 4 0 0 6 2 0 2 4
 4 6 4 1 4 1 6 1 6 0 4 1 5 4 2 2 6 5 1 1 0 5 0 1 2 6 1 1 4 4 4 1 4 4 1 4 0
 1 6 1 2 6 4 0 4 0 2 4 2 1 4 4 2 1 6 0 2 4 5 6 1 1 3 4 4 1 1 1 1 2 0 1 4 1
 1 1 1 4 4 1 4 1 0 4 4 4 6 4 6 4 1 1 4 6 4 6 1 4 5 4 6 5 5 6 6 1 1 2 4 6 1
 4 1 0 4 2 4 6 4 4 1 6 1 4 4 6 5 4 5 6 4 4 1 4 5 0 1 6 2 1 4 4 6 4 3 6 5 0
 6 1 4 1 4 6 4 2 6 1 5 6 2 1 6 0 2 4 4 0 6 1 4 1 1 6 1 4 1 4 2 1 5 1 4 6 4
 4 1 6 2 6 6 1 1 0 1 1 5 1 1 1 5 4 1 4 1 4 1 1 0 4 2 2 6 2 6 1 6 6 2 1 4 1
 1 0 6 4 4 6 6 2 4 1 6 4 0 1 4 1 4 6 1 1 4 6 6 6 1 6 6 1 4 0 4 6 5 1 1 1 2
 6 4 4 6 4 1 1 6 4 4 2 5 4 4 1 4 6 6 4 1 4 0 4 4 2 4 4 1 0 6 4 5 1 1 4 6 4
 3 6 6 4 4 6 6 6 4 6 6 1 4 1 5 2 2 1 4 6 6 4 4 6 5 1 4 1 4 4 2 2 6 6 0 5 5
 1]","          age  final-weight  education-num  marital-status  occupation  \
0   -0.872084     -0.285349      -0.031787       -1.327196   -1.313282   
1    0.442836     -1.336100      -0.414760       -0.553321   -0.608479   
2   -0.725982     -0.038697       1.117132       -0.553321   -0.608479   
3   -0.652931      0.000913       1.117132        0.994430    0.096323   
4   -0.725982     -0.005740      -0.031787       -1.327196   -0.843413   
..        ...           ...            ...             ...         ...   
995 -0.287675      0.115823       1.117132       -0.553321   -0.138611   
996 -1.310390      1.238710      -0.031787        0.994430    1.740862   
997 -1.310390      0.224281      -1.180705        0.220554   -0.138611   
998  0.223682     -1.377762       2.266050        0.220554    0.331257   
999 -1.091237      0.033276      -0.031787        0.994430    1.036059   

     relationship  capital-gain  hours-per-week  native-country    income  \
0       -0.306417     -0.156939       -0.206709        0.279865 -0.585049   
1        2.135152     -0.156939       -0.043303        0.279865 -0.585049   
2       -0.916809     -0.156939        1.182247        0.279865  1.709260   
3       -0.306417     -0.156939       -0.043303        0.279865 -0.585049   
4       -0.306417      0.096122        0.773730        0.279865 -0.585049   
..            ...           ...             ...             ...       ...   
995     -0.916809      0.681772       -0.451819        0.279865  1.709260   
996      0.914368     -0.156939       -0.043303        0.279865 -0.585049   
997      0.914368     -0.156939       -0.043303       -3.963575 -0.585049   
998     -0.306417      3.041150        1.590763       -4.973917  1.709260   
999      0.914368     -0.156939       -0.043303        0.279865 -0.585049   

     race  sex  unfair_label  fair_label  
0       4    0             4           4  
1       4    0             2           2  
2       2    1             6           6  
3       4    0             1           6  
4       4    1             4           2  
..    ...  ...           ...         ...  
995     4    1             6           6  
996     2    1             0           1  
997     4    1             5           5  
998     4    1             5           5  
999     4    0             1           1  

[1000 rows x 14 columns]"
8,0.8624647070649173,0.8222959739686969,0.8715894374556489,66,"[3. 5. 5. 5. 1. 5. 1. 3. 3. 3. 0. 2. 0. 2. 2. 0. 0. 5. 0. 0. 2. 2. 3. 7.
 4. 5. 0. 0. 5. 5. 1. 1. 3. 0. 0. 0. 0. 7. 1. 5. 5. 7. 7. 1. 5. 1. 7. 1.
 5. 7. 1. 1. 2. 1. 4. 3. 3. 4. 3. 7. 2. 3. 7. 7. 5. 2. 7. 0. 2. 3. 2. 1.
 7. 5. 0. 1. 1. 4. 0. 3. 1. 7. 3. 7. 1. 1. 0. 5. 4. 0. 1. 5. 7. 0. 3. 2.
 2. 4. 3. 3. 3. 0. 0. 2. 5. 0. 1. 1. 1. 4. 2. 5. 5. 3. 7. 5. 0. 7. 0. 1.
 7. 7. 1. 5. 3. 7. 3. 7. 2. 4. 4. 0. 0. 4. 3. 5. 7. 7. 0. 7. 0. 5. 7. 3.
 7. 1. 7. 5. 7. 3. 5. 7. 7. 2. 7. 2. 3. 4. 0. 1. 1. 1. 1. 1. 0. 5. 2. 3.
 2. 5. 2. 5. 3. 2. 0. 1. 1. 3. 2. 1. 1. 2. 1. 0. 4. 0. 5. 0. 5. 5. 7. 2.
 4. 3. 1. 2. 0. 0. 1. 3. 1. 7. 3. 1. 2. 1. 1. 1. 5. 0. 0. 3. 5. 5. 2. 5.
 0. 1. 1. 3. 5. 7. 5. 0. 0. 5. 5. 5. 0. 2. 0. 4. 1. 1. 1. 7. 1. 0. 4. 7.
 7. 5. 7. 1. 0. 7. 1. 0. 3. 1. 1. 3. 5. 1. 5. 0. 5. 5. 5. 5. 3. 2. 1. 7.
 4. 4. 0. 0. 2. 1. 0. 1. 1. 0. 0. 0. 3. 1. 7. 0. 7. 4. 1. 5. 3. 0. 1. 7.
 1. 5. 0. 5. 5. 5. 5. 2. 7. 0. 2. 0. 0. 2. 5. 7. 7. 0. 5. 5. 5. 7. 5. 3.
 0. 1. 1. 7. 4. 3. 5. 1. 1. 3. 0. 1. 4. 0. 0. 1. 0. 1. 7. 7. 4. 7. 2. 5.
 7. 5. 1. 2. 0. 0. 0. 2. 0. 3. 0. 3. 0. 7. 0. 2. 7. 0. 5. 7. 1. 3. 1. 1.
 7. 3. 2. 1. 4. 2. 0. 1. 7. 5. 0. 7. 7. 3. 0. 7. 1. 2. 1. 3. 0. 3. 0. 7.
 5. 2. 2. 2. 1. 0. 3. 1. 0. 7. 0. 7. 3. 7. 5. 0. 7. 1. 3. 7. 1. 2. 0. 2.
 7. 0. 5. 1. 0. 0. 5. 0. 0. 7. 2. 7. 7. 1. 0. 1. 1. 1. 4. 0. 0. 0. 2. 3.
 7. 7. 5. 4. 2. 7. 5. 4. 7. 2. 5. 2. 0. 3. 7. 3. 5. 3. 0. 2. 0. 3. 0. 3.
 2. 1. 5. 2. 1. 2. 3. 7. 1. 5. 0. 7. 3. 7. 2. 0. 7. 2. 2. 3. 2. 3. 2. 2.
 1. 5. 5. 0. 0. 1. 0. 3. 1. 0. 5. 7. 1. 3. 0. 0. 2. 2. 0. 3. 5. 0. 5. 6.
 2. 1. 2. 3. 0. 2. 1. 5. 5. 2. 7. 6. 5. 7. 5. 2. 4. 3. 2. 1. 3. 5. 0. 7.
 2. 7. 5. 1. 7. 7. 2. 2. 0. 0. 4. 2. 3. 0. 1. 0. 7. 3. 0. 3. 0. 7. 7. 1.
 5. 0. 7. 7. 5. 6. 7. 3. 2. 1. 3. 0. 0. 0. 0. 5. 2. 3. 3. 7. 7. 7. 7. 1.
 5. 4. 0. 0. 5. 2. 3. 0. 7. 7. 2. 1. 7. 2. 0. 4. 1. 5. 5. 5. 2. 5. 0. 5.
 5. 0. 3. 2. 7. 0. 5. 5. 7. 0. 2. 4. 5. 5. 2. 7. 2. 0. 4. 5. 2. 7. 1. 5.
 3. 3. 2. 2. 5. 1. 3. 5. 0. 2. 1. 7. 1. 7. 7. 7. 7. 6. 0. 3. 7. 7. 0. 4.
 0. 5. 1. 2. 7. 3. 1. 7. 0. 7. 7. 1. 7. 0. 7. 0. 4. 7. 7. 0. 3. 4. 7. 1.
 7. 0. 0. 7. 3. 2. 5. 7. 2. 2. 3. 4. 0. 0. 4. 7. 0. 2. 1. 0. 7. 2. 0. 0.
 0. 0. 7. 4. 1. 7. 2. 1. 0. 1. 5. 7. 3. 2. 3. 2. 1. 3. 1. 7. 1. 7. 0. 0.
 5. 2. 0. 1. 5. 4. 3. 3. 2. 0. 7. 5. 5. 5. 0. 2. 0. 7. 1. 7. 7. 7. 3. 3.
 5. 1. 7. 5. 3. 4. 5. 5. 5. 1. 0. 2. 5. 7. 1. 2. 3. 7. 5. 1. 4. 0. 1. 5.
 3. 0. 1. 0. 4. 7. 3. 0. 3. 4. 7. 1. 7. 7. 1. 5. 7. 3. 3. 0. 0. 0. 5. 1.
 1. 1. 5. 7. 1. 5. 2. 1. 7. 7. 1. 0. 5. 5. 7. 1. 0. 5. 0. 7. 1. 1. 0. 0.
 5. 5. 1. 7. 7. 0. 1. 5. 3. 3. 0. 0. 2. 5. 5. 5. 1. 4. 7. 0. 0. 0. 1. 1.
 0. 0. 3. 1. 0. 2. 0. 0. 2. 5. 5. 2. 3. 2. 3. 0. 1. 4. 0. 0. 7. 4. 4. 0.
 2. 0. 7. 5. 1. 1. 5. 1. 2. 7. 5. 5. 2. 5. 2. 0. 5. 3. 2. 2. 3. 0. 7. 7.
 1. 7. 5. 0. 0. 3. 0. 0. 5. 0. 1. 1. 0. 3. 7. 1. 1. 0. 0. 3. 2. 3. 4. 3.
 7. 4. 1. 1. 3. 0. 3. 7. 7. 1. 4. 2. 0. 0. 5. 5. 1. 1. 7. 5. 2. 5. 7. 7.
 4. 7. 1. 4. 5. 4. 0. 4. 7. 3. 1. 0. 5. 2. 3. 0. 3. 1. 1. 2. 0. 2. 2. 1.
 0. 1. 5. 1. 7. 0. 3. 5. 7. 5. 7. 0. 2. 3. 7. 5. 4. 4. 5. 2. 2. 5. 7. 5.
 0. 5. 2. 7. 2. 0. 5. 7. 5. 5. 3. 5. 1. 2. 7. 0.]","[4 6 8 6 2 6 2 4 4 4 1 3 1 3 3 2 1 6 1 1 3 3 4 8 5 6 1 1 6 8 2 2 4 1 1 1 1
 8 2 6 6 8 6 2 8 2 8 2 6 6 2 2 3 2 5 4 4 5 4 8 3 4 8 8 6 3 6 1 3 4 3 2 8 6
 1 2 2 5 1 4 2 8 4 8 3 2 1 6 5 1 2 6 8 1 4 3 3 5 4 4 4 1 1 3 6 1 2 2 2 5 3
 6 6 4 8 6 1 8 1 2 8 8 2 6 4 8 4 8 3 5 5 1 1 5 4 6 8 8 1 8 1 6 8 4 8 2 8 6
 6 4 6 6 8 1 8 3 2 5 1 2 2 3 2 2 1 6 3 4 3 6 8 6 4 3 1 2 2 4 3 2 2 3 2 1 3
 1 6 1 6 6 8 3 5 4 2 3 1 1 2 4 2 8 4 2 3 2 2 2 6 1 1 4 6 6 3 6 1 2 2 4 6 8
 6 1 1 6 2 6 1 3 1 5 2 2 2 8 2 1 5 8 8 4 6 2 1 8 2 1 4 2 2 3 6 2 6 1 6 6 6
 6 4 3 2 8 5 5 1 1 3 2 1 2 2 1 1 1 4 2 8 1 8 5 2 6 4 1 2 8 2 6 1 6 8 6 6 3
 8 1 3 1 1 3 6 8 8 1 6 6 6 8 6 4 1 2 2 8 5 4 6 8 2 1 1 2 5 1 1 2 1 2 8 8 5
 8 3 6 8 6 2 3 1 1 1 3 1 4 1 4 1 8 1 3 8 1 6 6 2 4 2 1 6 4 3 2 5 3 1 2 8 6
 1 8 8 4 1 8 2 3 2 4 1 4 1 8 6 3 3 3 2 1 4 2 2 8 1 8 4 8 6 1 8 2 1 8 2 3 1
 3 8 1 6 2 1 1 6 1 1 8 3 8 8 2 1 2 2 2 5 1 1 1 3 4 8 6 6 5 3 8 8 5 8 3 6 3
 1 4 8 4 6 4 1 3 1 4 1 4 3 2 6 3 2 3 1 8 2 6 1 6 4 6 3 1 8 3 3 4 2 4 3 3 2
 6 6 1 1 2 1 4 2 1 6 6 2 4 1 1 3 3 1 4 6 1 6 7 3 3 3 4 1 3 2 6 6 3 8 7 6 8
 6 3 5 4 3 2 4 6 1 8 3 8 6 2 8 8 3 3 1 1 5 2 4 1 2 1 8 4 1 4 1 1 8 2 6 1 8
 8 6 7 8 4 3 2 4 1 1 1 1 6 3 4 4 8 8 8 8 2 6 5 1 1 6 3 4 1 8 8 3 2 8 3 1 5
 2 6 6 6 3 6 1 6 6 1 4 3 8 1 6 6 8 1 3 5 6 6 3 8 3 1 5 6 3 8 2 6 4 4 3 3 6
 2 4 6 1 3 2 8 2 8 8 8 8 7 1 4 8 8 1 5 1 6 2 3 8 4 2 8 1 8 8 3 8 1 8 1 5 8
 6 2 4 5 8 2 6 1 1 8 4 3 6 8 3 3 4 5 1 1 5 8 1 3 2 1 8 3 1 1 1 1 8 5 2 8 3
 2 1 2 8 6 4 3 4 3 2 4 2 6 2 8 1 2 6 3 1 2 6 5 4 4 3 1 8 6 6 6 1 3 1 8 2 8
 8 8 4 4 6 2 8 8 4 5 8 6 6 2 1 3 6 6 2 3 4 8 6 2 5 1 2 6 4 1 2 2 5 6 4 1 2
 5 8 2 8 6 2 6 8 4 4 1 1 1 8 2 2 2 6 6 3 6 3 2 8 8 2 1 6 6 8 2 1 6 1 8 2 2
 1 1 6 6 2 6 8 1 2 6 4 4 1 1 3 6 6 6 2 5 8 1 1 1 2 2 1 1 4 2 1 3 1 1 3 6 6
 8 4 3 4 1 3 5 1 1 8 5 5 1 3 1 8 6 2 2 6 2 3 6 6 6 3 6 3 1 6 4 3 3 4 1 8 8
 2 6 6 1 1 4 1 1 6 1 2 2 1 4 8 2 2 1 1 4 3 4 5 4 8 5 2 2 4 1 4 8 8 2 5 3 1
 1 6 6 2 2 6 6 3 6 6 8 5 8 2 5 6 5 1 5 8 4 2 1 6 3 4 1 4 3 2 3 1 3 3 2 1 2
 6 8 6 1 4 6 8 6 8 1 3 4 8 6 5 5 6 3 3 6 8 6 1 6 3 8 3 1 6 8 6 6 4 6 2 3 5
 1]","[3 5 7 5 1 5 1 3 3 3 0 2 0 2 2 1 0 5 0 0 2 2 3 7 4 5 0 0 5 7 1 1 3 0 0 0 0
 7 1 5 5 7 5 1 7 1 7 1 5 5 1 1 2 1 4 3 3 4 3 7 2 3 7 7 5 2 5 0 2 3 2 1 7 5
 0 1 1 4 0 3 1 7 3 7 2 1 0 5 4 0 1 5 7 0 3 2 2 4 3 3 3 0 0 2 5 0 1 1 1 4 2
 5 5 3 7 5 0 7 0 1 7 7 1 5 3 7 3 7 2 4 4 0 0 4 3 5 7 7 0 7 0 5 7 3 7 1 7 5
 5 3 5 5 7 0 7 2 1 4 0 1 1 2 1 1 0 5 2 3 2 5 7 5 3 2 0 1 1 3 2 1 1 2 1 0 2
 0 5 0 5 5 7 2 4 3 1 2 0 0 1 3 1 7 3 1 2 1 1 1 5 0 0 3 5 5 2 5 0 1 1 3 5 7
 5 0 0 5 1 5 0 2 0 4 1 1 1 7 1 0 4 7 7 3 5 1 0 7 1 0 3 1 1 2 5 1 5 0 5 5 5
 5 3 2 1 7 4 4 0 0 2 1 0 1 1 0 0 0 3 1 7 0 7 4 1 5 3 0 1 7 1 5 0 5 7 5 5 2
 7 0 2 0 0 2 5 7 7 0 5 5 5 7 5 3 0 1 1 7 4 3 5 7 1 0 0 1 4 0 0 1 0 1 7 7 4
 7 2 5 7 5 1 2 0 0 0 2 0 3 0 3 0 7 0 2 7 0 5 5 1 3 1 0 5 3 2 1 4 2 0 1 7 5
 0 7 7 3 0 7 1 2 1 3 0 3 0 7 5 2 2 2 1 0 3 1 1 7 0 7 3 7 5 0 7 1 0 7 1 2 0
 2 7 0 5 1 0 0 5 0 0 7 2 7 7 1 0 1 1 1 4 0 0 0 2 3 7 5 5 4 2 7 7 4 7 2 5 2
 0 3 7 3 5 3 0 2 0 3 0 3 2 1 5 2 1 2 0 7 1 5 0 5 3 5 2 0 7 2 2 3 1 3 2 2 1
 5 5 0 0 1 0 3 1 0 5 5 1 3 0 0 2 2 0 3 5 0 5 6 2 2 2 3 0 2 1 5 5 2 7 6 5 7
 5 2 4 3 2 1 3 5 0 7 2 7 5 1 7 7 2 2 0 0 4 1 3 0 1 0 7 3 0 3 0 0 7 1 5 0 7
 7 5 6 7 3 2 1 3 0 0 0 0 5 2 3 3 7 7 7 7 1 5 4 0 0 5 2 3 0 7 7 2 1 7 2 0 4
 1 5 5 5 2 5 0 5 5 0 3 2 7 0 5 5 7 0 2 4 5 5 2 7 2 0 4 5 2 7 1 5 3 3 2 2 5
 1 3 5 0 2 1 7 1 7 7 7 7 6 0 3 7 7 0 4 0 5 1 2 7 3 1 7 0 7 7 2 7 0 7 0 4 7
 5 1 3 4 7 1 5 0 0 7 3 2 5 7 2 2 3 4 0 0 4 7 0 2 1 0 7 2 0 0 0 0 7 4 1 7 2
 1 0 1 7 5 3 2 3 2 1 3 1 5 1 7 0 1 5 2 0 1 5 4 3 3 2 0 7 5 5 5 0 2 0 7 1 7
 7 7 3 3 5 1 7 7 3 4 7 5 5 1 0 2 5 5 1 2 3 7 5 1 4 0 1 5 3 0 1 1 4 5 3 0 1
 4 7 1 7 5 1 5 7 3 3 0 0 0 7 1 1 1 5 5 2 5 2 1 7 7 1 0 5 5 7 1 0 5 0 7 1 1
 0 0 5 5 1 5 7 0 1 5 3 3 0 0 2 5 5 5 1 4 7 0 0 0 1 1 0 0 3 1 0 2 0 0 2 5 5
 7 3 2 3 0 2 4 0 0 7 4 4 0 2 0 7 5 1 1 5 1 2 5 5 5 2 5 2 0 5 3 2 2 3 0 7 7
 1 5 5 0 0 3 0 0 5 0 1 1 0 3 7 1 1 0 0 3 2 3 4 3 7 4 1 1 3 0 3 7 7 1 4 2 0
 0 5 5 1 1 5 5 2 5 5 7 4 7 1 4 5 4 0 4 7 3 1 0 5 2 3 0 3 2 1 2 0 2 2 1 0 1
 5 7 5 0 3 5 7 5 7 0 2 3 7 5 4 4 5 2 2 5 7 5 0 5 2 7 2 0 5 7 5 5 3 5 1 2 4
 0]","          age  final-weight  education-num  marital-status  occupation  \
0   -0.868023     -0.001420      -0.449528       -1.321845   -1.332097   
1   -1.600470     -0.111763      -1.630426        0.995826   -1.566497   
2   -0.135576      1.639880      -0.449528        1.768383   -0.863296   
3   -1.087757      0.121329      -0.055896        0.995826   -0.160095   
4   -0.282065      0.207490      -0.449528       -1.321845   -1.332097   
..        ...           ...            ...             ...         ...   
995 -1.600470     -0.302769      -1.630426        0.995826   -1.566497   
996 -0.941267     -0.325724      -0.449528       -0.549288    0.074305   
997  1.695541     -1.095931      -0.449528       -0.549288    1.246307   
998 -0.208821     -0.780911       1.518634        2.540940    1.480707   
999  0.377137      0.709986       1.518634       -0.549288   -0.863296   

     relationship  capital-gain  hours-per-week  native-country    income  \
0        1.568188     -0.156191       -0.039492        0.301547 -0.583509   
1        0.957285     -0.156191       -1.767808        0.301547 -0.583509   
2        1.568188     -0.156191        2.552983       -0.906022 -0.583509   
3        0.957285     -0.156191       -0.039492        0.301547 -0.583509   
4       -0.264521     -0.156191        0.392587        0.301547 -0.583509   
..            ...           ...             ...             ...       ...   
995      0.346382     -0.156191       -2.459135        0.301547 -0.583509   
996     -0.875424     -0.156191        0.392587        0.301547 -0.583509   
997     -0.875424     -0.156191       -0.039492       -0.906022 -0.583509   
998      1.568188     -0.156191       -0.039492       -2.458612 -0.583509   
999     -0.875424      2.065377        0.392587        0.301547  1.713770   

     race  sex  unfair_label  fair_label  
0       4    0             3           1  
1       3    0             5           5  
2       4    1             5           5  
3       4    1             5           5  
4       4    0             1           1  
..    ...  ...           ...         ...  
995     4    1             5           5  
996     4    1             1           1  
997     1    1             2           2  
998     1    0             7           7  
999     4    1             0           0  

[1000 rows x 14 columns]"
9,0.9972208289227135,0.9921935808461437,1.0,1,"[1. 2. 5. 8. 6. 7. 2. 5. 5. 5. 8. 1. 5. 5. 0. 1. 8. 2. 0. 5. 5. 8. 5. 8.
 4. 0. 2. 1. 0. 7. 5. 8. 0. 2. 3. 0. 2. 1. 8. 2. 0. 5. 1. 1. 4. 5. 1. 5.
 2. 6. 5. 8. 3. 2. 5. 3. 5. 1. 3. 0. 1. 5. 3. 5. 6. 3. 1. 1. 2. 1. 5. 1.
 2. 5. 1. 6. 5. 1. 6. 0. 6. 0. 0. 0. 7. 5. 1. 5. 5. 0. 8. 5. 8. 5. 5. 2.
 2. 2. 0. 4. 5. 2. 5. 8. 5. 2. 5. 3. 2. 1. 3. 0. 2. 5. 2. 0. 3. 5. 6. 5.
 3. 7. 4. 5. 2. 2. 1. 0. 0. 5. 5. 0. 5. 5. 1. 8. 8. 5. 5. 0. 2. 6. 1. 3.
 2. 6. 0. 1. 7. 2. 5. 2. 5. 1. 0. 2. 5. 0. 0. 0. 5. 2. 2. 3. 5. 2. 8. 5.
 5. 0. 1. 3. 0. 3. 2. 5. 1. 5. 3. 2. 3. 2. 3. 0. 5. 2. 3. 5. 0. 1. 5. 8.
 2. 8. 7. 2. 5. 2. 6. 6. 8. 2. 2. 2. 2. 5. 0. 1. 5. 0. 2. 7. 5. 3. 7. 3.
 8. 1. 5. 3. 3. 6. 0. 2. 5. 6. 7. 1. 1. 3. 3. 2. 3. 0. 3. 0. 0. 0. 8. 5.
 2. 0. 0. 5. 5. 1. 0. 3. 5. 5. 1. 5. 0. 1. 1. 0. 6. 1. 0. 7. 2. 2. 2. 0.
 5. 5. 5. 3. 3. 5. 0. 5. 0. 3. 0. 3. 7. 5. 6. 7. 0. 0. 0. 2. 8. 7. 5. 0.
 5. 2. 2. 3. 5. 6. 0. 1. 1. 1. 5. 0. 2. 2. 3. 1. 8. 7. 1. 6. 5. 1. 0. 5.
 3. 0. 2. 6. 7. 2. 0. 1. 8. 3. 0. 8. 3. 0. 3. 5. 6. 0. 0. 5. 8. 5. 0. 1.
 3. 5. 0. 0. 5. 0. 2. 1. 2. 2. 1. 5. 5. 2. 7. 7. 2. 2. 3. 2. 0. 0. 5. 2.
 8. 5. 5. 8. 2. 5. 2. 5. 2. 8. 2. 3. 5. 1. 5. 2. 8. 2. 1. 2. 2. 3. 3. 2.
 2. 1. 0. 0. 5. 2. 2. 8. 2. 2. 0. 7. 2. 5. 2. 5. 0. 1. 5. 1. 5. 5. 2. 8.
 2. 7. 7. 2. 0. 2. 2. 5. 0. 1. 3. 4. 5. 7. 8. 5. 5. 5. 7. 3. 0. 2. 1. 2.
 4. 1. 1. 8. 1. 6. 5. 2. 0. 1. 1. 0. 8. 3. 5. 6. 2. 1. 0. 5. 1. 3. 8. 3.
 8. 3. 2. 6. 2. 6. 2. 2. 5. 0. 3. 1. 5. 1. 3. 5. 5. 0. 0. 7. 2. 5. 7. 2.
 2. 0. 5. 0. 8. 0. 5. 6. 7. 5. 1. 5. 2. 1. 0. 7. 8. 2. 1. 5. 0. 8. 0. 1.
 0. 6. 3. 5. 5. 5. 1. 0. 3. 2. 3. 0. 6. 0. 3. 8. 1. 1. 2. 0. 3. 1. 0. 5.
 2. 0. 8. 8. 5. 0. 0. 2. 0. 1. 5. 1. 1. 5. 5. 0. 3. 3. 6. 2. 2. 1. 0. 1.
 7. 5. 2. 5. 7. 7. 8. 8. 5. 5. 0. 1. 8. 5. 2. 1. 3. 7. 6. 0. 6. 5. 6. 0.
 6. 2. 5. 2. 1. 3. 2. 5. 5. 0. 2. 5. 3. 4. 5. 7. 1. 5. 0. 5. 1. 0. 7. 2.
 0. 8. 0. 5. 5. 1. 2. 3. 0. 0. 0. 1. 5. 0. 5. 0. 2. 0. 5. 1. 5. 6. 8. 6.
 1. 6. 0. 1. 6. 7. 3. 6. 5. 2. 1. 5. 2. 8. 2. 2. 0. 0. 8. 5. 0. 1. 1. 5.
 0. 8. 5. 0. 5. 1. 0. 5. 0. 0. 0. 1. 2. 0. 3. 0. 7. 0. 8. 0. 2. 8. 5. 5.
 2. 1. 6. 5. 2. 5. 0. 8. 5. 0. 5. 6. 0. 0. 6. 2. 2. 5. 5. 5. 0. 2. 3. 0.
 1. 1. 1. 3. 3. 7. 7. 8. 0. 0. 8. 6. 2. 5. 2. 5. 2. 6. 0. 3. 8. 0. 7. 0.
 2. 1. 1. 1. 2. 5. 4. 3. 8. 5. 2. 8. 5. 1. 0. 3. 3. 2. 1. 5. 4. 5. 5. 0.
 1. 5. 0. 1. 0. 0. 5. 8. 8. 1. 0. 0. 2. 8. 3. 5. 1. 0. 5. 8. 0. 2. 0. 3.
 0. 2. 1. 2. 2. 3. 7. 8. 5. 2. 0. 2. 5. 3. 0. 5. 5. 4. 5. 7. 2. 3. 6. 2.
 0. 0. 5. 1. 1. 8. 8. 7. 0. 0. 6. 1. 1. 0. 5. 3. 2. 1. 5. 0. 7. 1. 0. 2.
 0. 5. 8. 5. 0. 1. 5. 0. 8. 3. 0. 0. 1. 0. 6. 6. 3. 0. 5. 3. 3. 5. 1. 5.
 5. 8. 1. 3. 8. 8. 6. 0. 8. 1. 8. 3. 5. 2. 2. 0. 1. 2. 3. 5. 8. 7. 6. 3.
 8. 5. 5. 5. 5. 0. 1. 6. 2. 7. 2. 5. 0. 8. 5. 8. 0. 6. 0. 3. 1. 3. 5. 1.
 5. 0. 0. 6. 5. 8. 8. 2. 2. 1. 5. 7. 2. 3. 2. 0. 0. 0. 6. 8. 5. 2. 2. 1.
 7. 5. 6. 0. 1. 2. 2. 5. 8. 8. 0. 7. 6. 5. 2. 5. 1. 8. 6. 8. 0. 1. 2. 0.
 3. 1. 3. 0. 2. 3. 2. 7. 8. 2. 5. 5. 5. 2. 1. 3. 8. 6. 2. 0. 0. 3. 1. 5.
 0. 8. 2. 2. 8. 0. 5. 3. 5. 1. 2. 2. 5. 5. 8. 1. 0. 1. 5. 0. 2. 8. 5. 2.
 1. 2. 3. 8. 2. 1. 0. 8. 1. 1. 2. 2. 5. 8. 8. 7.]","[2 3 6 9 7 8 3 6 6 6 9 2 6 6 1 2 9 3 1 6 6 9 6 9 5 1 3 2 1 8 6 9 1 3 4 1 3
 2 9 3 1 6 2 2 5 6 2 6 3 7 6 9 4 3 6 4 6 2 4 1 2 6 4 6 7 4 2 2 3 2 6 2 3 6
 2 7 6 2 7 1 7 1 1 1 8 6 2 6 6 1 9 6 9 6 6 3 3 3 1 5 6 3 6 9 6 3 6 4 3 2 4
 1 3 6 3 1 4 6 7 6 4 8 5 6 3 3 2 1 1 6 6 1 6 6 2 9 9 6 6 1 3 7 2 4 3 7 1 2
 8 3 6 3 6 2 1 3 6 1 1 1 6 3 3 4 6 3 9 6 6 1 2 4 1 4 3 6 2 6 4 3 4 3 4 1 6
 3 4 6 1 2 6 9 3 9 8 3 6 3 7 7 9 3 3 3 3 6 1 2 6 1 3 8 6 4 8 4 9 2 6 4 4 7
 1 3 6 7 8 2 2 4 4 3 4 1 4 1 1 1 9 6 3 1 1 6 6 2 1 4 6 6 2 6 1 2 2 1 7 2 1
 8 3 3 3 1 6 6 6 4 4 6 1 6 1 4 1 4 8 6 7 8 1 1 1 3 9 8 6 1 6 3 3 4 6 7 1 2
 2 2 6 1 3 3 4 2 9 8 2 7 6 2 1 6 4 1 3 7 8 3 1 2 9 4 1 9 4 1 4 6 7 1 1 6 9
 6 1 2 4 6 1 1 6 1 3 2 3 3 2 6 6 3 8 8 3 3 4 3 1 1 6 3 9 6 6 9 3 6 3 6 3 9
 3 4 6 2 6 3 9 3 2 3 3 4 4 3 3 2 1 1 6 3 3 9 3 3 1 8 3 6 3 6 1 2 6 2 6 6 3
 9 3 8 8 3 1 3 3 6 1 2 4 5 6 8 9 6 6 6 8 4 1 3 2 3 5 2 2 9 2 7 6 3 1 2 2 1
 9 4 6 7 3 2 1 6 2 4 9 4 9 4 3 7 3 7 3 3 6 1 4 2 6 2 4 6 6 1 1 8 3 6 8 3 3
 1 6 1 9 1 6 7 8 6 2 6 3 2 1 8 9 3 2 6 1 9 1 2 1 7 4 6 6 6 2 1 4 3 4 1 7 1
 4 9 2 2 3 1 4 2 1 6 3 1 9 9 6 1 1 3 1 2 6 2 2 6 6 1 4 4 7 3 3 2 1 2 8 6 3
 6 8 8 9 9 6 6 1 2 9 6 3 2 4 8 7 1 7 6 7 1 7 3 6 3 2 4 3 6 6 1 3 6 4 5 6 8
 2 6 1 6 2 1 8 3 1 9 1 6 6 2 3 4 1 1 1 2 6 1 6 1 3 1 6 2 6 7 9 7 2 7 1 2 7
 8 4 7 6 3 2 6 3 9 3 3 1 1 9 6 1 2 2 6 1 9 6 1 6 2 1 6 1 1 1 2 3 1 4 1 8 1
 9 1 3 9 6 6 3 2 7 6 3 6 1 9 6 1 6 7 1 1 7 3 3 6 6 6 1 3 4 1 2 2 2 4 4 8 8
 9 1 1 9 7 3 6 3 6 3 7 1 4 9 1 8 1 3 2 2 2 3 6 5 4 9 6 3 9 6 2 1 4 4 3 2 6
 5 6 6 1 2 6 1 2 1 1 6 9 9 2 1 1 3 9 4 6 2 1 6 9 1 3 1 4 1 3 2 3 3 4 8 9 6
 3 1 3 6 4 1 6 6 5 6 8 3 4 7 3 1 1 6 2 2 9 9 8 1 1 7 2 2 1 6 4 3 2 6 1 8 2
 1 3 1 6 9 6 1 2 6 1 9 4 1 1 2 1 7 7 4 1 6 4 4 6 2 6 6 9 2 4 9 9 7 1 9 2 9
 4 6 3 3 1 2 3 4 6 9 8 7 4 9 6 6 6 6 1 2 7 3 8 3 6 1 9 6 9 1 7 1 4 2 4 6 2
 6 1 1 7 6 9 9 3 3 2 6 8 3 4 3 1 1 1 7 9 6 3 3 2 8 6 7 1 2 3 3 6 9 9 1 8 7
 6 3 6 2 9 7 9 1 2 3 1 4 2 4 1 3 4 3 8 9 3 6 6 6 3 2 4 9 3 3 1 1 4 2 6 1 9
 3 3 9 1 6 4 6 2 3 3 6 6 9 2 1 2 6 1 3 9 6 3 2 3 4 9 3 2 1 9 2 2 3 3 6 9 9
 8]","[1 2 5 8 6 7 2 5 5 5 8 1 5 5 0 1 8 2 0 5 5 8 5 8 4 0 2 1 0 7 5 8 0 2 3 0 2
 1 8 2 0 5 1 1 4 5 1 5 2 6 5 8 3 2 5 3 5 1 3 0 1 5 3 5 6 3 1 1 2 1 5 1 2 5
 1 6 5 1 6 0 6 0 0 0 7 5 1 5 5 0 8 5 8 5 5 2 2 2 0 4 5 2 5 8 5 2 5 3 2 1 3
 0 2 5 2 0 3 5 6 5 3 7 4 5 2 2 1 0 0 5 5 0 5 5 1 8 8 5 5 0 2 6 1 3 2 6 0 1
 7 2 5 2 5 1 0 2 5 0 0 0 5 2 2 3 5 2 8 5 5 0 1 3 0 3 2 5 1 5 3 2 3 2 3 0 5
 2 3 5 0 1 5 8 2 8 7 2 5 2 6 6 8 2 2 2 2 5 0 1 5 0 2 7 5 3 7 3 8 1 5 3 3 6
 0 2 5 6 7 1 1 3 3 2 3 0 3 0 0 0 8 5 2 0 0 5 5 1 0 3 5 5 1 5 0 1 1 0 6 1 0
 7 2 2 2 0 5 5 5 3 3 5 0 5 0 3 0 3 7 5 6 7 0 0 0 2 8 7 5 0 5 2 2 3 5 6 0 1
 1 1 5 0 2 2 3 1 8 7 1 6 5 1 0 5 3 0 2 6 7 2 0 1 8 3 0 8 3 0 3 5 6 0 0 5 8
 5 0 1 3 5 0 0 5 0 2 1 2 2 1 5 5 2 7 7 2 2 3 2 0 0 5 2 8 5 5 8 2 5 2 5 2 8
 2 3 5 1 5 2 8 2 1 2 2 3 3 2 2 1 0 0 5 2 2 8 2 2 0 7 2 5 2 5 0 1 5 1 5 5 2
 8 2 7 7 2 0 2 2 5 0 1 3 4 5 7 8 5 5 5 7 3 0 2 1 2 4 1 1 8 1 6 5 2 0 1 1 0
 8 3 5 6 2 1 0 5 1 3 8 3 8 3 2 6 2 6 2 2 5 0 3 1 5 1 3 5 5 0 0 7 2 5 7 2 2
 0 5 0 8 0 5 6 7 5 1 5 2 1 0 7 8 2 1 5 0 8 0 1 0 6 3 5 5 5 1 0 3 2 3 0 6 0
 3 8 1 1 2 0 3 1 0 5 2 0 8 8 5 0 0 2 0 1 5 1 1 5 5 0 3 3 6 2 2 1 0 1 7 5 2
 5 7 7 8 8 5 5 0 1 8 5 2 1 3 7 6 0 6 5 6 0 6 2 5 2 1 3 2 5 5 0 2 5 3 4 5 7
 1 5 0 5 1 0 7 2 0 8 0 5 5 1 2 3 0 0 0 1 5 0 5 0 2 0 5 1 5 6 8 6 1 6 0 1 6
 7 3 6 5 2 1 5 2 8 2 2 0 0 8 5 0 1 1 5 0 8 5 0 5 1 0 5 0 0 0 1 2 0 3 0 7 0
 8 0 2 8 5 5 2 1 6 5 2 5 0 8 5 0 5 6 0 0 6 2 2 5 5 5 0 2 3 0 1 1 1 3 3 7 7
 8 0 0 8 6 2 5 2 5 2 6 0 3 8 0 7 0 2 1 1 1 2 5 4 3 8 5 2 8 5 1 0 3 3 2 1 5
 4 5 5 0 1 5 0 1 0 0 5 8 8 1 0 0 2 8 3 5 1 0 5 8 0 2 0 3 0 2 1 2 2 3 7 8 5
 2 0 2 5 3 0 5 5 4 5 7 2 3 6 2 0 0 5 1 1 8 8 7 0 0 6 1 1 0 5 3 2 1 5 0 7 1
 0 2 0 5 8 5 0 1 5 0 8 3 0 0 1 0 6 6 3 0 5 3 3 5 1 5 5 8 1 3 8 8 6 0 8 1 8
 3 5 2 2 0 1 2 3 5 8 7 6 3 8 5 5 5 5 0 1 6 2 7 2 5 0 8 5 8 0 6 0 3 1 3 5 1
 5 0 0 6 5 8 8 2 2 1 5 7 2 3 2 0 0 0 6 8 5 2 2 1 7 5 6 0 1 2 2 5 8 8 0 7 6
 5 2 5 1 8 6 8 0 1 2 0 3 1 3 0 2 3 2 7 8 2 5 5 5 2 1 3 8 2 2 0 0 3 1 5 0 8
 2 2 8 0 5 3 5 1 2 2 5 5 8 1 0 1 5 0 2 8 5 2 1 2 3 8 2 1 0 8 1 1 2 2 5 8 8
 7]","          age  final-weight  education-num  marital-status  occupation  \
0   -0.269735      0.400409       1.145306        1.743123   -0.900692   
1   -1.609477     -0.116235      -1.500615        0.964596    0.303764   
2   -1.014036      1.099652       1.145306       -0.592459    0.785546   
3    0.251276      0.375880       1.145306       -0.592459   -1.382475   
4    0.102416      0.910011       1.901284       -0.592459    0.785546   
..        ...           ...            ...             ...         ...   
995 -0.493025     -0.160214      -1.122627        0.964596    0.303764   
996 -0.716315     -1.323488      -0.366649       -0.592459    1.749112   
997 -1.162896      0.161880       0.011340       -1.370987   -1.382475   
998 -1.162896      1.756850      -0.366649       -0.592459   -1.382475   
999  0.474566      2.307611      -2.256593        1.743123    0.303764   

     relationship  capital-gain  hours-per-week  native-country    income  \
0       -0.234822     -0.148584        2.120465        0.306995 -0.544993   
1        1.027663     -0.148584       -0.854612        0.306995 -0.544993   
2       -0.866065     -0.148584        0.845432        0.306995 -0.544993   
3        2.290148     -0.148584       -0.004590       -0.378644  1.834888   
4       -0.866065      1.325509        1.270443       -2.949787  1.834888   
..            ...           ...             ...             ...       ...   
995     -0.234822     -0.148584       -0.004590        0.306995 -0.544993   
996     -0.866065     -0.148584       -0.004590        0.306995 -0.544993   
997      1.027663     -0.148584       -0.004590        0.306995 -0.544993   
998      2.290148     -0.148584       -0.004590       -0.892872 -0.544993   
999      1.658906     -0.148584       -0.004590       -0.892872 -0.544993   

     race  sex  unfair_label  fair_label  
0       4    1             1           1  
1       4    1             2           2  
2       4    1             5           5  
3       1    0             8           0  
4       4    1             6           6  
..    ...  ...           ...         ...  
995     2    1             2           2  
996     4    1             5           2  
997     4    1             8           8  
998     4    0             8           1  
999     4    0             7           3  

[1000 rows x 14 columns]"
10,0.9076736350580737,0.9163246902225323,0.8952275609492774,46,"[4. 5. 2. 3. 9. 5. 4. 0. 9. 0. 9. 1. 3. 3. 4. 7. 3. 5. 4. 4. 5. 7. 5. 4.
 4. 3. 0. 0. 3. 5. 5. 5. 4. 9. 4. 4. 5. 0. 5. 4. 4. 1. 7. 3. 9. 5. 0. 1.
 2. 0. 3. 2. 4. 9. 0. 3. 8. 7. 4. 1. 0. 3. 4. 3. 5. 9. 5. 3. 8. 5. 5. 4.
 5. 2. 7. 5. 4. 1. 5. 1. 5. 3. 9. 3. 8. 0. 5. 8. 4. 4. 9. 4. 0. 4. 3. 7.
 7. 2. 4. 8. 1. 9. 0. 4. 5. 1. 0. 0. 9. 4. 5. 1. 4. 4. 3. 4. 1. 9. 9. 0.
 0. 0. 0. 5. 5. 3. 9. 0. 7. 0. 8. 4. 5. 8. 5. 5. 1. 5. 3. 7. 1. 5. 1. 9.
 4. 0. 8. 0. 4. 3. 5. 0. 3. 3. 9. 2. 3. 0. 8. 5. 9. 4. 1. 7. 5. 1. 5. 1.
 3. 7. 3. 1. 0. 9. 4. 0. 2. 7. 8. 8. 0. 3. 7. 4. 0. 4. 1. 3. 5. 9. 8. 0.
 1. 4. 7. 5. 1. 5. 3. 3. 5. 3. 8. 4. 0. 7. 4. 7. 1. 4. 0. 7. 9. 3. 0. 0.
 0. 9. 7. 4. 8. 1. 5. 4. 9. 4. 0. 1. 7. 4. 1. 5. 0. 1. 5. 5. 5. 0. 0. 5.
 4. 2. 4. 4. 5. 3. 5. 4. 7. 4. 5. 9. 3. 3. 1. 4. 0. 5. 3. 7. 5. 7. 3. 1.
 3. 1. 5. 5. 2. 5. 4. 0. 4. 1. 4. 1. 5. 0. 5. 9. 2. 4. 2. 9. 0. 4. 5. 7.
 0. 4. 3. 9. 8. 3. 0. 4. 1. 4. 7. 2. 0. 3. 5. 1. 5. 3. 9. 5. 0. 5. 4. 5.
 0. 1. 7. 5. 4. 5. 0. 0. 3. 8. 3. 2. 9. 8. 0. 5. 0. 0. 4. 4. 0. 9. 7. 1.
 7. 4. 0. 7. 7. 4. 5. 5. 7. 8. 0. 7. 4. 5. 2. 5. 1. 7. 4. 5. 4. 7. 9. 9.
 5. 5. 4. 7. 5. 5. 1. 5. 4. 5. 0. 0. 4. 4. 1. 4. 5. 2. 7. 1. 4. 0. 5. 1.
 1. 9. 5. 3. 2. 1. 0. 7. 9. 2. 2. 4. 3. 9. 3. 7. 4. 4. 5. 4. 5. 9. 3. 4.
 4. 0. 1. 4. 3. 4. 8. 4. 4. 1. 2. 4. 4. 4. 9. 7. 4. 5. 0. 0. 1. 0. 5. 4.
 4. 1. 4. 1. 3. 5. 0. 4. 5. 5. 7. 0. 4. 7. 5. 9. 5. 4. 9. 7. 3. 7. 9. 3.
 9. 1. 8. 0. 9. 0. 4. 4. 8. 1. 4. 1. 1. 4. 4. 3. 3. 2. 8. 4. 9. 0. 5. 0.
 7. 9. 7. 3. 0. 7. 6. 7. 8. 1. 5. 7. 1. 0. 4. 9. 3. 3. 9. 1. 0. 3. 8. 3.
 0. 0. 0. 1. 4. 4. 3. 5. 2. 9. 1. 1. 0. 5. 4. 3. 4. 1. 3. 0. 4. 4. 2. 7.
 9. 3. 5. 8. 1. 3. 9. 4. 7. 0. 0. 1. 4. 3. 0. 1. 5. 7. 0. 4. 1. 3. 5. 4.
 5. 0. 4. 7. 7. 2. 9. 9. 2. 4. 5. 8. 7. 9. 3. 9. 1. 9. 3. 4. 7. 7. 9. 5.
 0. 3. 4. 4. 3. 3. 3. 4. 4. 0. 5. 5. 3. 0. 4. 0. 7. 2. 1. 1. 3. 0. 3. 7.
 1. 7. 0. 9. 9. 4. 5. 3. 4. 3. 3. 2. 5. 0. 4. 3. 0. 1. 4. 4. 4. 3. 8. 1.
 5. 1. 5. 9. 8. 0. 3. 8. 0. 0. 9. 9. 3. 4. 3. 3. 3. 0. 9. 1. 4. 4. 4. 7.
 7. 1. 3. 3. 4. 3. 4. 0. 5. 5. 1. 9. 4. 0. 5. 4. 4. 4. 7. 8. 3. 9. 3. 5.
 2. 0. 9. 5. 3. 1. 0. 4. 0. 1. 7. 4. 9. 5. 5. 0. 1. 2. 4. 9. 9. 3. 8. 0.
 0. 3. 3. 5. 4. 3. 3. 0. 8. 5. 5. 5. 4. 3. 5. 5. 9. 4. 4. 3. 7. 0. 8. 2.
 0. 0. 4. 3. 4. 9. 0. 5. 2. 8. 3. 7. 1. 5. 0. 8. 1. 0. 4. 4. 5. 3. 5. 0.
 4. 4. 3. 2. 7. 1. 3. 4. 4. 4. 5. 4. 7. 1. 5. 3. 2. 4. 9. 3. 1. 4. 5. 1.
 3. 4. 1. 3. 3. 5. 4. 7. 0. 1. 4. 0. 3. 0. 9. 1. 4. 2. 1. 4. 4. 2. 9. 5.
 7. 0. 0. 9. 9. 3. 5. 4. 3. 3. 0. 3. 9. 4. 2. 4. 4. 0. 4. 5. 3. 4. 2. 3.
 1. 5. 0. 2. 0. 5. 3. 4. 4. 3. 8. 3. 3. 3. 8. 6. 4. 4. 9. 0. 3. 4. 0. 5.
 9. 4. 7. 3. 0. 3. 7. 4. 4. 9. 4. 7. 8. 3. 9. 5. 8. 4. 4. 5. 3. 1. 3. 0.
 0. 5. 8. 5. 4. 4. 2. 3. 0. 0. 9. 8. 5. 4. 3. 1. 3. 0. 4. 4. 3. 1. 0. 1.
 7. 1. 4. 3. 3. 0. 2. 7. 4. 0. 0. 1. 3. 3. 5. 3. 5. 0. 4. 7. 3. 0. 3. 5.
 0. 9. 1. 5. 1. 4. 4. 1. 3. 9. 0. 7. 0. 4. 5. 3. 9. 5. 5. 4. 4. 0. 3. 4.
 4. 0. 5. 1. 0. 5. 0. 3. 9. 2. 3. 4. 7. 4. 8. 3. 8. 8. 4. 8. 5. 1. 7. 9.
 2. 4. 5. 5. 4. 4. 4. 3. 0. 4. 4. 1. 4. 3. 5. 7. 1. 4. 0. 5. 7. 5. 1. 5.
 1. 0. 5. 3. 3. 8. 3. 1. 0. 4. 1. 5. 5. 9. 3. 3.]","[ 5  6  3  4 10  6  5  1 10  1 10  2  4  4  5  8  4  6  5  5  6  8  6  5
  5  4  1  1  4  6  6  6  5 10  5  5  6  4  2  5  6  2  8  4 10  6  1  2
  3  1  4  3  5 10  1  4  9  8  5  2  1  4  5  4  6 10  6  4  9  6  6  5
  6  3  8  6  5  2  6  2  2  4 10  4  9 10  6  9  5  5 10  5  3  5  4  8
  8  3  5  9  6 10  4  5  6  2  1  1 10  5  6  2  5  5  4  5  2 10  4  1
  1  4  3  6  6  4  6  1  8  1  9  5  6  9  6  6  2  6  4  8  2  6  2 10
  5  1  9  1  5  4  6  1  4  4 10  3  4  1  9  6 10  5  2  8  6  2  6  2
  4  8  4  2  1 10  5  1  3  8  9  9  4  4  8  5  1  5  2  4  2 10  9  1
  2  5  8  6  2  6  4  4  6  4  9  5  1  8  5  8  2  5  1  8 10  4  1  1
  1 10  8  5  9  2  6  5 10  5  1  2  8  5  2  6  1  2  2  6  6  1  1  6
  5  3  5  5  6  4  6  5  8  5  6 10  4  4  2  5  1  6  4  8  6  8  4  2
  4  2  6  6  3  6  5  1  5  2  5  2  6  1  6 10  3  5  3 10  1  5  6  8
  1  5 10 10  9  4  1  5  2  5  8  3  1  4  6  2  6  4 10  6  1  6  5  6
  1  2  8  6  5  6  1  1  4  9  4  3 10  9  1  6  1  1  5  5  1 10  8  2
  8  5  1  8  8  5  6  6  8  9  1  8  5  6  3  6  2  8  5  6  5  8 10 10
  6  6  5  8  6  6  2  6  5  6  4  1  5  5  2  5  6  3  8  2  5  4  3  2
  2 10  6  4  2  2  1  8  4  3  3  5  4 10  4  8  5  5  6  5  6 10  4  5
  5  1  2  5 10  5  9  5  5  6  3  5  5  5 10  8  5  6  1  1  2  1  2  5
  5  2  5  2  4  6  1  5  6  6  8  1  5  8  6 10  6  6 10  8  4  8 10  4
 10  2  9  1 10  1  5  5  9  2  5  2  2  5  5  4  4  3  9  5 10 10  6  4
  8 10  8  4  1  8  7  8  9  2  6  8  2  1  5 10  4  4  6  2  1  4  9  4
  1  1  1  2  5  5  4  6  3 10  2  2  1  6  5  4  5  2  4  4  5  5  3  8
 10  4  6  9  2 10 10  5  8  1  1  2  5  4  1  2  6  8  1  5  2  4  6  5
  6  1  5  8  8  6 10 10  3  5  2  9  8 10  4 10  2 10  4  5  8  8 10  6
  1  4  5  5  4  4  4  5  5  1  2  6  4  1  5  1  8  3  2  2  4  1  4  8
  2  8  1 10 10  5  6  4  5  4  4  3  6  1  5  4  1  2  5  5  5  4  9  2
  6  2  6 10  9  1  4  9  1  1 10 10  4  5  4  4  4  1 10  2  5  5  5  8
  8  2  4  4  5  4  5  1  6  6  2 10  5  1  6  5  5  5  8  9  4 10  4  6
  3  1 10  6  4  2  8  5  1  2  8  5 10  6  6  1  2  3  5 10 10 10  9  1
  1  4  4  6  5  4  4  1  9  6  6  6  5  4  6  6 10  5  5  4  8  4  9  3
  1  1  5  4  5 10  1  6  3  9  4  8  2  6  1  9  2  1  5  5  6  4  6  1
  5  5  4 10  8  2  4  5  5  5  6  5  8  2  6  4  3  5 10  4  2  5  6  2
  4  5  2  4  4  6  5  8  1  2  5  1  4  1 10  2  5  3  2  5  5  3 10  6
  8  1  1 10  1  4  6  5  4  4  1  4 10  5  3  5  5  1  5  6  4  5  3  4
  2  6  1  3  1  6  4  5  5  4  9  4  4  4  9  7  5  5 10  1 10  5  1  6
 10  5  8  4  1  4  8  5  5 10  5  8  9  4 10  6  9  5  5  6  4  2  4  1
  1  6  9  2  5  5  3  4  1  1 10  9  6  5  4  2  4  1  5  5 10  2  4  2
  8  2  5  4  4  1  3  8  5  1  1  2  4  4  6  4  6  1  5  8  4  1  4  6
  1 10  2  6  2  5  5  2  4 10  1  8  1  5  6  4  6  2  6  5  5  4  4  5
  5  1  6  2  1  6  1  4 10  3  4  5  8  5  9  4  9  9  5  9  6  2  8 10
  3  5  6  6  5  5  5  4  1  5  5  2  5  4  6  8  2  5  1  6  8  6  2  6
  2  4  6  4  4  9  4  2  1  5  2  6  6 10  4  4]","[4 5 2 3 9 5 4 0 9 0 9 1 3 3 4 7 3 5 4 4 5 7 5 4 4 3 0 0 3 5 5 5 4 9 4 4 5
 3 1 4 5 1 7 3 9 5 0 1 2 0 3 2 4 9 0 3 8 7 4 1 0 3 4 3 5 9 5 3 8 5 5 4 5 2
 7 5 4 1 5 1 1 3 9 3 8 9 5 8 4 4 9 4 2 4 3 7 7 2 4 8 5 9 3 4 5 1 0 0 9 4 5
 1 4 4 3 4 1 9 3 0 0 3 2 5 5 3 5 0 7 0 8 4 5 8 5 5 1 5 3 7 1 5 1 9 4 0 8 0
 4 3 5 0 3 3 9 2 3 0 8 5 9 4 1 7 5 1 5 1 3 7 3 1 0 9 4 0 2 7 8 8 3 3 7 4 0
 4 1 3 1 9 8 0 1 4 7 5 1 5 3 3 5 3 8 4 0 7 4 7 1 4 0 7 9 3 0 0 0 9 7 4 8 1
 5 4 9 4 0 1 7 4 1 5 0 1 1 5 5 0 0 5 4 2 4 4 5 3 5 4 7 4 5 9 3 3 1 4 0 5 3
 7 5 7 3 1 3 1 5 5 2 5 4 0 4 1 4 1 5 0 5 9 2 4 2 9 0 4 5 7 0 4 9 9 8 3 0 4
 1 4 7 2 0 3 5 1 5 3 9 5 0 5 4 5 0 1 7 5 4 5 0 0 3 8 3 2 9 8 0 5 0 0 4 4 0
 9 7 1 7 4 0 7 7 4 5 5 7 8 0 7 4 5 2 5 1 7 4 5 4 7 9 9 5 5 4 7 5 5 1 5 4 5
 3 0 4 4 1 4 5 2 7 1 4 3 2 1 1 9 5 3 1 1 0 7 3 2 2 4 3 9 3 7 4 4 5 4 5 9 3
 4 4 0 1 4 9 4 8 4 4 5 2 4 4 4 9 7 4 5 0 0 1 0 1 4 4 1 4 1 3 5 0 4 5 5 7 0
 4 7 5 9 5 5 9 7 3 7 9 3 9 1 8 0 9 0 4 4 8 1 4 1 1 4 4 3 3 2 8 4 9 9 5 3 7
 9 7 3 0 7 6 7 8 1 5 7 1 0 4 9 3 3 5 1 0 3 8 3 0 0 0 1 4 4 3 5 2 9 1 1 0 5
 4 3 4 1 3 3 4 4 2 7 9 3 5 8 1 9 9 4 7 0 0 1 4 3 0 1 5 7 0 4 1 3 5 4 5 0 4
 7 7 5 9 9 2 4 1 8 7 9 3 9 1 9 3 4 7 7 9 5 0 3 4 4 3 3 3 4 4 0 1 5 3 0 4 0
 7 2 1 1 3 0 3 7 1 7 0 9 9 4 5 3 4 3 3 2 5 0 4 3 0 1 4 4 4 3 8 1 5 1 5 9 8
 0 3 8 0 0 9 9 3 4 3 3 3 0 9 1 4 4 4 7 7 1 3 3 4 3 4 0 5 5 1 9 4 0 5 4 4 4
 7 8 3 9 3 5 2 0 9 5 3 1 7 4 0 1 7 4 9 5 5 0 1 2 4 9 9 9 8 0 0 3 3 5 4 3 3
 0 8 5 5 5 4 3 5 5 9 4 4 3 7 3 8 2 0 0 4 3 4 9 0 5 2 8 3 7 1 5 0 8 1 0 4 4
 5 3 5 0 4 4 3 9 7 1 3 4 4 4 5 4 7 1 5 3 2 4 9 3 1 4 5 1 3 4 1 3 3 5 4 7 0
 1 4 0 3 0 9 1 4 2 1 4 4 2 9 5 7 0 0 9 0 3 5 4 3 3 0 3 9 4 2 4 4 0 4 5 3 4
 2 3 1 5 0 2 0 5 3 4 4 3 8 3 3 3 8 6 4 4 9 0 9 4 0 5 9 4 7 3 0 3 7 4 4 9 4
 7 8 3 9 5 8 4 4 5 3 1 3 0 0 5 8 1 4 4 2 3 0 0 9 8 5 4 3 1 3 0 4 4 9 1 3 1
 7 1 4 3 3 0 2 7 4 0 0 1 3 3 5 3 5 0 4 7 3 0 3 5 0 9 1 5 1 4 4 1 3 9 0 7 0
 4 5 3 5 1 5 4 4 3 3 4 4 0 5 1 0 5 0 3 9 2 3 4 7 4 8 3 8 8 4 8 5 1 7 9 2 4
 5 5 4 4 4 3 0 4 4 1 4 3 5 7 1 4 0 5 7 5 1 5 1 3 5 3 3 8 3 1 0 4 1 5 5 9 3
 3]","          age  final-weight  education-num  marital-status  occupation  \
0    0.170398      1.010979       2.041934       -0.600271    0.812817   
1    0.742442      0.034950       1.233567       -0.600271   -0.594658   
2    1.672014     -0.750201      -2.404082       -0.600271    1.047396   
3   -0.973691      0.646145       1.233567        0.954835    1.281975   
4   -0.616163      0.936086       1.233567        0.954835   -0.594658   
..        ...           ...            ...             ...         ...   
995  1.314486      1.698856      -0.383166       -0.600271   -0.594658   
996 -0.973691      0.235461       1.233567       -0.600271   -0.594658   
997 -0.830680      4.922556       1.233567        0.954835    0.812817   
998 -0.330141     -0.842025       0.425201        0.954835    0.812817   
999  0.170398     -0.413305      -0.383166        0.954835    1.751133   

     relationship  capital-gain  hours-per-week  native-country    income  \
0       -0.901654     -0.143832        0.364568        0.269599  1.799247   
1       -0.901654     -0.143832       -0.033519        0.269599 -0.555788   
2       -0.901654     -0.143832        4.026963        0.269599 -0.555788   
3       -0.265791     -0.143832       -1.944334        0.269599 -0.555788   
4       -0.265791     -0.143832       -0.033519        0.269599 -0.555788   
..            ...           ...             ...             ...       ...   
995     -0.901654     -0.143832       -0.033519        0.269599 -0.555788   
996     -0.901654     -0.143832        0.205333        0.269599 -0.555788   
997     -0.265791     -0.143832        0.762654        0.269599 -0.555788   
998     -0.265791      0.183860       -1.625865        0.269599 -0.555788   
999     -0.265791     -0.143832       -0.033519       -0.929509 -0.555788   

     race  sex  unfair_label  fair_label  
0       4    1             4           4  
1       4    1             5           5  
2       4    1             2           2  
3       4    0             3           3  
4       4    0             9           4  
..    ...  ...           ...         ...  
995     4    1             5           5  
996     4    1             5           0  
997     4    1             9           9  
998     4    0             3           1  
999     4    1             3           3  

[1000 rows x 14 columns]"
